year,location,sector_code,sector,carbon_monoxide,carbon_dioxide,methane,nitrous_oxide,nitrogen_oxides,non-methane_volatile_organic_compounds,hfc-23,hfc-32,hfc-41,hfc-43-10mee,hfc-125,hfc-134,hfc-134a,hfc-143,hfc-143a,hfc-152a,hfc-227ea,hfc-236fa,hfc-245ca,unspecified_mix_of_hfcs,cf4,c2f6,c3f8,c4f10,c-c4f8,c5f12,c6f14,sulphur_hexafluoride,sulphur_dioxide,hfc-245fa,hfc-365mfc,black_carbon,pm_2.5,pm_10,carbon_dioxide_equivalent_-_ar5,other_-_ar5,hydrofluorocarbons_-_ar5,perfluorocarbons_-_ar5,carbon_dioxide_-_ar5,methane_-_ar5,nitrous_oxide_-_ar5,sulphur_hexafluoride_-_ar5,carbon_dioxide_equivalent_confidential_-_ar5,hfc-23_-_ar5,hfc-32_-_ar5,hfc-41_-_ar5,hfc-43-10mee_-_ar5,hfc-125_-_ar5,hfc-134_-_ar5,hfc-134a_-_ar5,hfc-143_-_ar5,hfc-143a_-_ar5,hfc-152a_-_ar5,hfc-227ea_-_ar5,hfc-236fa_-_ar5,hfc-245ca_-_ar5,unspecified_mix_of_hfcs_-_ar5,cf4_-_ar5,c2f6_-_ar5,c3f8_-_ar5,c4f10_-_ar5,c-c4f8_-_ar5,c5f12_-_ar5,c6f14_-_ar5,other_perfluorocarbons_-_ar5,hfc-245fa_-_ar5,hfc-365mfc_-_ar5
1990,Australia,,Total UNFCCC,25261.62,446550.17,5696.92,67.96,2222.27,3092.59,0.1,NA,NA,NA,NA,NA,NA,NA,NA,NA,NA,NA,NA,NA,0.51,0.07,NA,NA,NA,NA,NA,0.01,1585.27,NA,NA,641.61,4216.24,NA,629638.27,5564.52,1193.65,4143.53,446550.17,159513.75,18009.84,227.33,NA,1193.65,NA,NA,NA,NA,NA,NA,NA,NA,NA,NA,NA,NA,NA,3403.51,740.02,NA,NA,NA,NA,NA,NA,NA,NA
1991,Australia,,Total UNFCCC,24150.67,434176.91,5624.02,65.82,2166.25,2954.64,0.1,NA,NA,NA,NA,NA,NA,NA,NA,NA,NA,NA,NA,NA,0.51,0.07,NA,NA,NA,NA,NA,0.01,1570.04,NA,NA,582.87,3830.22,NA,614678.77,5587.23,1193.65,4146.89,434176.91,157472.61,17442.02,246.69,NA,1193.65,NA,NA,NA,NA,NA,NA,NA,NA,NA,NA,NA,NA,NA,3406.26,740.62,NA,NA,NA,NA,NA,NA,NA,NA
1992,Australia,,Total UNFCCC,22395.33,374160.49,5518.98,64.15,2159.26,2749.31,0.09,NA,NA,NA,NA,NA,NA,NA,NA,NA,NA,NA,NA,NA,0.51,0.07,NA,NA,NA,NA,NA,0.01,1652.1,NA,NA,446.95,2937.07,NA,551215.31,5523.21,1116.99,4140.18,374160.49,154531.41,17000.21,266.04,NA,1116.99,NA,NA,NA,NA,NA,NA,NA,NA,NA,NA,NA,NA,NA,3400.75,739.42,NA,NA,NA,NA,NA,NA,NA,NA
1993,Australia,,Total UNFCCC,22113.68,357463.66,5369.17,65.13,2190.98,2695.46,0.12,NA,NA,NA,NA,NA,NA,NA,NA,NA,NA,NA,NA,NA,0.37,0.05,NA,NA,NA,NA,NA,0.01,1742.38,NA,NA,392.97,2582.33,NA,529861.4,4800.48,1533.14,2981.97,357463.66,150336.7,17260.56,285.37,NA,1533.14,NA,NA,NA,NA,NA,NA,NA,NA,NA,NA,NA,NA,NA,2449.4,532.57,NA,NA,NA,NA,NA,NA,NA,NA
1994,Australia,,Total UNFCCC,22247.86,361052.12,5237.01,66.81,2197.93,2677.51,0.07,0,NA,NA,0,0,0,NA,0,0,0,0,NA,NA,0.24,0.03,NA,NA,NA,NA,NA,0.01,1764.37,0,0,365.89,2404.4,NA,528506.93,3113.85,862.49,1946.68,361052.12,146636.21,17704.75,304.68,NA,860.37,0.06,NA,NA,0.65,0,0.74,NA,0.61,0,0.02,0.01,NA,NA,1599.01,347.67,NA,NA,NA,NA,NA,NA,0.02,0.01
1995,Australia,,Total UNFCCC,22409.1,343589.4,5176.73,63.89,2218.69,2659.84,0.06,0,NA,0,0.02,0,0.06,NA,0,NA,0,0,NA,NA,0.17,0.02,NA,NA,NA,NA,NA,0.01,1673.48,NA,NA,350.6,2303.93,NA,508078.87,2609.8,907.05,1376.83,343589.4,144948.55,16931.12,325.92,NA,761.94,0.72,NA,0.03,61.33,0.02,71.92,NA,8.89,NA,2.2,0,NA,NA,1130.93,245.9,NA,NA,NA,NA,NA,NA,NA,NA
1996,Australia,,Total UNFCCC,24026.7,344317.7,5175.86,68.89,2325.14,2690.71,0,0,NA,0,0.05,0,0.14,NA,0,NA,0,0,NA,NA,0.16,0.02,NA,NA,NA,NA,NA,0.01,1761.48,NA,NA,326.2,2143.57,NA,509425.69,1927.05,360.57,1268.5,344317.7,144923.95,18256.99,297.97,NA,0.21,1.8,NA,0.07,152.3,0.06,178.6,NA,22.07,NA,5.47,0,NA,NA,1041.95,226.55,NA,NA,NA,NA,NA,NA,NA,NA
1997,Australia,,Total UNFCCC,24263.68,349078.26,5282.73,71.2,2388.44,2689.74,0,0,NA,0,0.08,0,0.23,NA,0.01,NA,0,0,NA,NA,0.14,0.02,NA,NA,NA,NA,NA,0.01,1817.57,NA,NA,338.27,2222.89,NA,517850.24,1987.28,607.72,1104.59,349078.26,147916.46,18868.25,274.96,NA,0.35,3.03,NA,0.11,256.69,0.1,301.01,NA,37.2,NA,9.21,0,NA,NA,907.32,197.28,NA,NA,NA,NA,NA,NA,NA,NA
1998,Australia,,Total UNFCCC,24174.13,349553.17,5239.11,71.37,2436.82,2663.68,0,0.01,NA,0,0.11,0,0.32,NA,0.01,NA,0,0,NA,NA,0.19,0.02,NA,NA,NA,NA,NA,0.01,1742.91,NA,NA,335.62,2205.45,NA,517754.91,2593.47,852.42,1493.46,349553.17,146695.02,18913.24,247.58,NA,0.5,4.25,NA,0.15,360.06,0.14,422.21,NA,52.18,NA,12.92,0,NA,NA,1226.74,266.73,NA,NA,NA,NA,NA,NA,NA,NA
1999,Australia,,Total UNFCCC,25988.91,366918.63,5149.39,74.44,2531.63,2767.27,0,0.01,NA,0,0.17,0,0.49,NA,0.02,NA,0.01,0,NA,NA,0.13,0.02,NA,NA,NA,NA,NA,0.01,1831.82,NA,NA,366.23,2406.61,NA,533353.3,2525.23,1282.99,1024.47,366918.63,144182.82,19726.62,217.78,NA,0.75,6.39,NA,0.23,541.92,0.21,635.48,NA,78.54,NA,19.45,0.01,NA,NA,841.5,182.97,NA,NA,NA,NA,NA,NA,NA,NA
2000,Australia,,Total UNFCCC,27864.45,381590.04,5366.95,78.35,2614,2910.27,0,0.01,NA,0,0.2,0,0.58,NA,0.02,NA,0.01,0,NA,NA,0.14,0.02,NA,NA,NA,NA,NA,0.01,2342.57,NA,NA,402.07,2642.15,NA,555516.4,2890.03,1513.5,1157.58,381590.04,150274.69,20761.64,218.95,NA,0.88,7.54,NA,0.27,639.29,0.25,749.65,NA,92.66,NA,22.94,0.01,NA,NA,950.84,206.74,NA,NA,NA,NA,NA,NA,NA,NA
2001,Australia,,Total UNFCCC,26698.2,412829.86,5296.87,79.03,2666.28,2839.52,0,0.02,NA,0,0.28,0,0.8,NA,0.03,NA,0.01,0,NA,NA,0.2,0.03,NA,NA,NA,NA,NA,0.01,2584.52,NA,NA,397.8,2614.09,NA,586041.37,3955.52,2109.4,1620.61,412829.86,148312.38,20943.61,225.51,NA,1.23,10.51,NA,0.38,890.99,0.35,1044.81,NA,129.14,NA,31.98,0.01,NA,NA,1331.17,289.44,NA,NA,NA,NA,NA,NA,NA,NA
2002,Australia,,Total UNFCCC,26748.48,407478.5,5227.85,80.77,2750.14,2885.57,0,0.02,NA,0,0.34,0,0.97,NA,0.03,NA,0.01,0,NA,NA,0.19,0.03,NA,NA,NA,NA,NA,0.01,2774.94,NA,NA,409.77,2692.71,NA,579585.82,4324.72,2538.89,1553.82,407478.5,146379.8,21402.8,232.01,NA,1.48,12.65,NA,0.46,1072.41,0.42,1257.54,NA,155.43,NA,38.49,0.01,NA,NA,1276.31,277.51,NA,NA,NA,NA,NA,NA,NA,NA
2003,Australia,,Total UNFCCC,26611.57,426947.99,4992.44,77.75,2847.06,2865.59,0,0.02,NA,0,0.43,0,1.24,NA,0.04,NA,0.01,0,NA,NA,0.19,0.02,NA,NA,NA,NA,NA,0.01,2774.64,NA,NA,385.36,2532.32,NA,592333.01,4993.72,3243,1514.57,426947.99,139788.45,20602.85,236.15,NA,1.89,16.16,NA,0.58,1369.82,0.54,1606.29,NA,198.54,NA,49.16,0.01,NA,NA,1244.07,270.5,NA,NA,NA,NA,NA,NA,NA,NA
2004,Australia,,Total UNFCCC,23635.46,426983.77,5003.66,81.66,2794.39,2694.55,0,0.03,NA,0,0.5,0,1.42,NA,0.05,NA,0.02,0,NA,NA,0.19,0.02,NA,NA,NA,NA,NA,0.01,2512.4,NA,NA,372.09,2445.1,NA,594224.83,5498.85,3719.67,1541.43,426983.77,140102.43,21639.78,237.75,NA,2.17,18.54,NA,0.67,1571.16,0.62,1842.39,NA,227.72,NA,56.39,0.01,NA,NA,1266.13,275.3,NA,NA,NA,NA,NA,NA,NA,NA
2005,Australia,,Total UNFCCC,23122.64,453221.82,5090.53,82.57,2811.71,2715.22,NA,0.03,NA,NA,0.33,0,1.36,NA,0.35,0.03,0.01,0.02,NA,NA,0.2,0.03,NA,NA,NA,NA,NA,0.01,2520.22,0.03,0.01,418.61,2750.86,NA,624216.43,6577.49,4763.8,1611.45,453221.82,142534.91,21882.22,202.24,NA,NA,19.02,NA,NA,1046.01,0.65,1763.19,NA,1696.67,3.56,46.45,156.17,NA,NA,1323.65,287.8,NA,NA,NA,NA,NA,NA,26.01,6.07
2006,Australia,,Total UNFCCC,24751.91,454987.71,5092.31,82.68,2878.73,2834.37,NA,0.05,NA,NA,0.32,0,1.36,NA,0.34,0.03,0.01,0.01,NA,NA,0.08,0.01,NA,NA,NA,NA,NA,0.01,2482.7,0.03,0.02,433.45,2848.35,NA,624867.78,5384.89,4575.17,617.94,454987.71,142584.69,21910.49,191.78,NA,NA,31.05,NA,NA,1007.94,0.76,1766.16,NA,1635.34,4.07,41.52,42.22,NA,NA,507.58,110.36,NA,NA,NA,NA,NA,NA,27.76,18.34
2007,Australia,,Total UNFCCC,24950.65,474822.59,5122.31,77.84,2912.83,2869.47,0.04,0.08,NA,NA,0.36,0,1.31,NA,0.34,0.04,0.01,0,NA,NA,0.06,0.01,NA,NA,NA,NA,NA,0.01,2444.83,0.03,0.02,430.57,2829.45,NA,644740.97,5866.61,5162.05,524.06,474822.59,143424.56,20627.22,180.5,NA,465,56.65,NA,NA,1154.6,0.76,1697.21,NA,1655.91,5.06,47.14,36.2,NA,NA,430.46,93.6,NA,NA,NA,NA,NA,NA,23.74,19.78
2008,Australia,,Total UNFCCC,23416.99,462973.48,5031.72,78.73,2921.5,2753.07,0.04,0.09,NA,NA,0.39,0,1.26,NA,0.34,0.03,0.02,0,NA,NA,0.05,0.01,NA,NA,NA,NA,NA,0.01,2512.45,0.02,0.04,364.96,2398.26,NA,630487.72,5763.04,5194.9,399.8,462973.48,140888.27,20862.94,168.34,NA,469.25,59.66,NA,NA,1238.22,0.87,1634.25,NA,1649.52,4.58,56.32,34.31,NA,NA,328.39,71.4,NA,NA,NA,NA,NA,NA,18.35,29.58
2009,Australia,,Total UNFCCC,23267.27,463340.88,4971.48,80.54,2908.26,2726.7,0.04,0.12,NA,NA,0.48,0,1.49,NA,0.43,0.04,0.03,0,NA,NA,0.04,0,NA,NA,NA,NA,NA,0.01,2598.01,0.02,0.05,377.71,2256.62,530.3,630671.88,6786.94,6313,322.43,463340.88,139201.55,21342.51,151.51,NA,488.97,79.68,NA,NA,1530.63,0.97,1942.5,NA,2075.45,4.91,93.12,38.35,NA,NA,268.17,54.27,NA,NA,NA,NA,NA,NA,20.53,37.9
2010,Australia,,Total UNFCCC,23267.04,447726.85,4860.21,81.08,3006.24,2719.52,0.03,0.14,NA,NA,0.48,0,1.49,NA,0.42,0.04,0.03,0.01,NA,NA,0.03,0,NA,NA,NA,NA,NA,0.01,2378.2,0.03,0.06,361.52,2127.43,533.8,611893.59,6595.07,6206.55,254.73,447726.85,136085.8,21485.86,133.79,NA,430.49,92.42,NA,NA,1523.56,1.31,1943.34,NA,1994.59,5.68,93.87,45.81,NA,NA,215.35,39.38,NA,NA,NA,NA,NA,NA,26.62,48.88
2011,Australia,,Total UNFCCC,23733.17,416806.45,4931.74,84.24,2974.84,2742.9,0.04,0.17,NA,NA,0.54,0,1.73,NA,0.41,0.05,0.03,0.01,NA,NA,0.03,0,NA,NA,NA,NA,NA,0.01,2507.1,0.05,0.06,338.35,1960.41,635.58,584389.06,7169.3,6776.62,270.9,416806.45,138088.58,22324.73,121.78,NA,473.72,114.86,NA,NA,1725.92,1.5,2255.24,NA,1980.02,6.38,84.48,42.73,NA,NA,229.08,41.82,NA,NA,NA,NA,NA,NA,40.46,51.31
2012,Australia,,Total UNFCCC,22479.12,406224.84,4879.42,84.16,3086,2631.46,0.04,0.17,NA,NA,0.5,0,1.54,NA,0.43,0.06,0.02,0,NA,NA,0.03,0,NA,NA,NA,NA,NA,0.01,2518.19,0.05,0.06,308.24,1738.75,736.16,571954.45,6802.75,6419.11,265.13,406224.84,136623.74,22303.11,118.51,NA,463.28,112.76,NA,NA,1571.47,1.48,1999.11,NA,2086.49,8.7,55,34.85,NA,NA,224,41.13,NA,NA,NA,NA,NA,NA,39.55,46.41
2013,Australia,,Total UNFCCC,22577.21,394726.94,4854.63,79.22,3161.67,2652.57,0.04,0.17,NA,NA,0.56,0,1.56,NA,0.51,0.07,0.04,0,NA,NA,0.02,0,NA,NA,NA,NA,NA,0,2414.28,0.05,0.06,312.62,1756.98,824.18,559067.29,7417.19,7133.07,172.62,394726.94,135929.69,20993.47,111.49,NA,520.73,118.16,NA,NA,1786.16,1.69,2029.75,NA,2429.64,9.11,120.95,26.29,NA,NA,146.15,26.48,NA,NA,NA,NA,NA,NA,44.72,45.88
2014,Australia,,Total UNFCCC,23428.87,384192.05,4768.44,80.5,3210.8,2742.19,0.03,0.29,NA,NA,0.7,0,1.84,NA,0.48,0.07,0.03,0,NA,NA,0.02,0,NA,NA,NA,NA,NA,0,2499.8,0.07,0.06,328.5,1850.21,906.81,547042.18,8001.75,7719.76,173.11,384192.05,133516.35,21332.04,108.88,NA,385.08,199.29,NA,NA,2211.88,1.67,2397.18,NA,2291.49,9.51,96.23,19.05,NA,NA,146.43,26.68,NA,NA,NA,NA,NA,NA,63.74,44.66
2015,Australia,,Total UNFCCC,21403.39,382094.48,4760.4,77.29,3147.81,2648.34,0.04,0.34,NA,NA,0.79,0,2.14,NA,0.52,0.08,0.03,0,NA,NA,0.02,0,NA,NA,NA,NA,NA,0.01,2384.53,0.09,0.06,311.14,1732.55,944.97,544841.63,8973.66,8699.86,154.06,382094.48,133291.2,20482.29,119.74,NA,434.86,228.76,NA,NA,2502.04,1.95,2787.98,NA,2477.17,10.7,107.3,21.29,NA,NA,128.53,25.53,NA,NA,NA,NA,NA,NA,77.31,50.51
2016,Australia,,Total UNFCCC,19112.54,368719.49,4716.43,76.26,3126.58,2519.27,0.03,0.36,NA,NA,0.8,0,2.23,NA,0.5,0.08,0.02,0,NA,NA,0.03,0,NA,NA,NA,NA,NA,0.01,2465.34,0.09,0.06,314.62,1742.67,958.72,530039.98,9052.59,8729.62,202.25,368719.49,132060.05,20207.85,120.72,NA,428.14,240.71,NA,NA,2530.52,2.28,2901.11,NA,2379.86,11.25,79.73,27.28,NA,NA,169.59,32.65,NA,NA,NA,NA,NA,NA,79.63,49.1
2017,Australia,,Total UNFCCC,20109.66,361739.85,4790.62,82.09,3225.17,2583.01,0.03,0.36,NA,NA,0.8,0,2.24,NA,0.5,0.08,0.02,0,NA,NA,0.02,0.01,NA,NA,NA,NA,NA,0.01,2285.42,0.09,0.06,307.58,1694.78,916.59,526691.33,9061.41,8759.86,182.65,361739.85,134137.48,21752.59,118.9,NA,429.63,241.54,NA,NA,2539.29,2.29,2911.16,NA,2388.11,11.29,80,27.38,NA,NA,120.69,61.96,NA,NA,NA,NA,NA,NA,79.9,49.27
2018,Australia,,Total UNFCCC,18106.93,375785.42,4752.97,77.04,3241.23,2404.32,0.04,0.34,NA,NA,0.77,0,2.2,NA,0.51,0.09,0.03,0,NA,NA,0.03,0,NA,NA,NA,NA,NA,0.01,2079.32,0.09,0.06,289.08,1558.3,841.55,538430.04,9144.99,8783.02,212.24,375785.42,133083.04,20416.6,149.73,NA,539.3,227.14,NA,NA,2427.51,4.49,2859.31,NA,2460.42,12.86,93.66,37.56,NA,NA,175.51,36.74,NA,NA,NA,NA,NA,NA,73.3,47.46
2019,Australia,,Total UNFCCC,17887.27,373869.85,4483.21,73.93,3229.86,2282.63,0.05,0.38,NA,NA,0.86,0,2.48,NA,0.58,0.1,0.03,0.01,NA,NA,0.02,0.01,NA,NA,NA,NA,NA,0.01,2153.95,0.1,0.07,273.41,1458.39,901.4,529297.7,10306.79,9892.22,273.5,373869.85,125529.84,19591.23,141.06,NA,607.41,255.83,NA,NA,2734.08,5.06,3220.41,NA,2771.15,14.49,105.49,42.3,NA,NA,163.28,110.22,NA,NA,NA,NA,NA,NA,82.56,53.45
1990,Australian Capital Territory,,Total UNFCCC,85.99,741.54,14.33,0.1,5.14,11.4,0,NA,NA,NA,NA,NA,NA,NA,NA,NA,NA,NA,NA,NA,NA,NA,NA,NA,NA,NA,NA,0,0.09,NA,NA,0.47,3.11,NA,1191.93,23.42,19.67,NA,741.54,401.17,25.8,3.75,NA,19.67,NA,NA,NA,NA,NA,NA,NA,NA,NA,NA,NA,NA,NA,NA,NA,NA,NA,NA,NA,NA,NA,NA,NA
1991,Australian Capital Territory,,Total UNFCCC,80.33,839.52,14.85,0.1,4.86,10.77,0,NA,NA,NA,NA,NA,NA,NA,NA,NA,NA,NA,NA,NA,NA,NA,NA,NA,NA,NA,NA,0,0.08,NA,NA,0.24,1.57,NA,1305.59,23.9,19.81,NA,839.52,415.79,26.38,4.09,NA,19.81,NA,NA,NA,NA,NA,NA,NA,NA,NA,NA,NA,NA,NA,NA,NA,NA,NA,NA,NA,NA,NA,NA,NA
1992,Australian Capital Territory,,Total UNFCCC,79,679.54,15.67,0.1,5.14,10.51,0,NA,NA,NA,NA,NA,NA,NA,NA,NA,NA,NA,NA,NA,NA,NA,NA,NA,NA,NA,NA,0,0.08,NA,NA,0.15,0.99,NA,1168.86,23.18,18.72,NA,679.54,438.64,27.51,4.46,NA,18.72,NA,NA,NA,NA,NA,NA,NA,NA,NA,NA,NA,NA,NA,NA,NA,NA,NA,NA,NA,NA,NA,NA,NA
1993,Australian Capital Territory,,Total UNFCCC,80.56,741.29,14.91,0.11,5.19,10.43,0,NA,NA,NA,NA,NA,NA,NA,NA,NA,NA,NA,NA,NA,NA,NA,NA,NA,NA,NA,NA,0,0.09,NA,NA,0.16,1.05,NA,1219.29,30.62,25.81,NA,741.29,417.58,29.81,4.81,NA,25.81,NA,NA,NA,NA,NA,NA,NA,NA,NA,NA,NA,NA,NA,NA,NA,NA,NA,NA,NA,NA,NA,NA,NA
1994,Australian Capital Territory,,Total UNFCCC,80.37,749.62,14.83,0.11,5.18,10.37,0,0,NA,NA,0,0,0,NA,0,0,0,0,NA,NA,NA,NA,NA,NA,NA,NA,NA,0,0.09,0,0,0.11,0.69,NA,1215.02,19.7,14.56,NA,749.62,415.34,30.36,5.14,NA,14.52,0,NA,NA,0.01,0,0.01,NA,0.01,0,0,0,NA,NA,NA,NA,NA,NA,NA,NA,NA,NA,0,0
1995,Australian Capital Territory,,Total UNFCCC,81.67,785.17,15.26,0.12,5.25,10.46,0,0,NA,0,0,0,0,NA,0,NA,0,0,NA,NA,NA,NA,NA,NA,NA,NA,NA,0,0.1,NA,NA,0.12,0.81,NA,1264.86,20.76,15.27,NA,785.17,427.34,31.59,5.49,NA,12.83,0.01,NA,0,1.03,0,1.21,NA,0.15,NA,0.04,0,NA,NA,NA,NA,NA,NA,NA,NA,NA,NA,NA,NA
1996,Australian Capital Territory,,Total UNFCCC,81.41,976.22,14.02,0.12,5.25,10.26,0,0,NA,0,0,0,0,NA,0,NA,0,0,NA,NA,NA,NA,NA,NA,NA,NA,NA,0,0.1,NA,NA,0.12,0.77,NA,1412.45,10.92,6.06,NA,976.22,392.56,32.75,4.86,NA,0,0.03,NA,0,2.56,0,3,NA,0.37,NA,0.09,0,NA,NA,NA,NA,NA,NA,NA,NA,NA,NA,NA,NA
1997,Australian Capital Territory,,Total UNFCCC,78.96,855.38,13.86,0.13,5.18,9.8,0,0,NA,0,0,0,0,NA,0,NA,0,0,NA,NA,NA,NA,NA,NA,NA,NA,NA,0,0.11,NA,NA,0.13,0.86,NA,1292.65,14.71,10.2,NA,855.38,388.16,34.39,4.52,NA,0.01,0.05,NA,0,4.31,0,5.05,NA,0.62,NA,0.15,0,NA,NA,NA,NA,NA,NA,NA,NA,NA,NA,NA,NA
1998,Australian Capital Territory,,Total UNFCCC,74.78,880.11,13.18,0.13,5.03,9.66,0,0,NA,0,0,0,0.01,NA,0,NA,0,0,NA,NA,NA,NA,NA,NA,NA,NA,NA,0,0.11,NA,NA,0.13,0.86,NA,1303.15,18.18,14.14,NA,880.11,369.1,35.77,4.05,NA,0.01,0.07,NA,0,5.97,0,7,NA,0.87,NA,0.21,0,NA,NA,NA,NA,NA,NA,NA,NA,NA,NA,NA,NA
1999,Australian Capital Territory,,Total UNFCCC,66.5,819.75,12.95,0.14,4.41,8.89,0,0,NA,0,0,0,0.01,NA,0,NA,0,0,NA,NA,NA,NA,NA,NA,NA,NA,NA,0,0.09,NA,NA,0.22,1.44,NA,1243.89,24.7,21.17,NA,819.75,362.61,36.83,3.54,NA,0.01,0.11,NA,0,8.94,0,10.49,NA,1.3,NA,0.32,0,NA,NA,NA,NA,NA,NA,NA,NA,NA,NA,NA,NA
2000,Australian Capital Territory,,Total UNFCCC,67.32,925.1,12.64,0.16,4.74,9.24,0,0,NA,0,0,0,0.01,NA,0,NA,0,0,NA,NA,NA,NA,NA,NA,NA,NA,NA,0,0.12,NA,NA,0.23,1.53,NA,1348.69,28.48,24.92,NA,925.1,353.86,41.25,3.57,NA,0.01,0.12,NA,0,10.52,0,12.34,NA,1.53,NA,0.38,0,NA,NA,NA,NA,NA,NA,NA,NA,NA,NA,NA,NA
2001,Australian Capital Territory,,Total UNFCCC,54,784.96,12.74,0.15,3.84,8.11,0,0,NA,0,0,0,0.01,NA,0,NA,0,0,NA,NA,NA,NA,NA,NA,NA,NA,NA,0,0.09,NA,NA,0.12,0.81,NA,1220.38,38.37,34.67,NA,784.96,356.79,40.26,3.71,NA,0.02,0.17,NA,0.01,14.64,0.01,17.17,NA,2.12,NA,0.53,0,NA,NA,NA,NA,NA,NA,NA,NA,NA,NA,NA,NA
2002,Australian Capital Territory,,Total UNFCCC,54.37,839.43,12.73,0.16,3.95,8.33,0,0,NA,0,0.01,0,0.02,NA,0,NA,0,0,NA,NA,NA,NA,NA,NA,NA,NA,NA,0,0.1,NA,NA,0.14,0.9,NA,1282.93,45.42,41.62,NA,839.43,356.39,41.69,3.8,NA,0.02,0.21,NA,0.01,17.58,0.01,20.61,NA,2.55,NA,0.63,0,NA,NA,NA,NA,NA,NA,NA,NA,NA,NA,NA,NA
2003,Australian Capital Territory,,Total UNFCCC,49.1,869.71,11.59,0.16,3.61,8.05,0,0,NA,0,0.01,0,0.02,NA,0,NA,0,0,NA,NA,NA,NA,NA,NA,NA,NA,NA,0,0.11,NA,NA,0.42,2.79,NA,1294.65,56.77,52.91,NA,869.71,324.46,43.72,3.85,NA,0.03,0.26,NA,0.01,22.35,0.01,26.21,NA,3.24,NA,0.8,0,NA,NA,NA,NA,NA,NA,NA,NA,NA,NA,NA,NA
2004,Australian Capital Territory,,Total UNFCCC,62.97,1309.28,10.67,0.18,4.15,9.8,0,0,NA,0,0.01,0,0.02,NA,0,NA,0,0,NA,NA,NA,NA,NA,NA,NA,NA,NA,0,0.1,NA,NA,1.03,6.76,NA,1720.66,63.8,59.97,NA,1309.28,298.76,48.83,3.83,NA,0.04,0.3,NA,0.01,25.33,0.01,29.7,NA,3.67,NA,0.91,0,NA,NA,NA,NA,NA,NA,NA,NA,NA,NA,NA,NA
2005,Australian Capital Territory,,Total UNFCCC,42.63,984.17,10.23,0.16,2.97,7.83,NA,0,NA,NA,0.01,0,0.02,NA,0.01,0,0,0,NA,NA,NA,NA,NA,NA,NA,NA,NA,0,0.09,0,0,0.53,3.47,NA,1392.14,79.6,76.36,NA,984.17,286.55,41.82,3.24,NA,NA,0.3,NA,NA,16.77,0.01,28.26,NA,27.2,0.06,0.74,2.5,NA,NA,NA,NA,NA,NA,NA,NA,NA,NA,0.42,0.1
2006,Australian Capital Territory,,Total UNFCCC,36.81,996.35,10.98,0.16,2.91,7.45,NA,0,NA,NA,0.01,0,0.02,NA,0.01,0,0,0,NA,NA,NA,NA,NA,NA,NA,NA,NA,0,0.11,0,0,0.33,2.16,NA,1421,76.14,73.08,NA,996.35,307.4,41.11,3.06,NA,NA,0.5,NA,NA,16.1,0.01,28.21,NA,26.12,0.07,0.66,0.67,NA,NA,NA,NA,NA,NA,NA,NA,NA,NA,0.44,0.29
2007,Australian Capital Territory,,Total UNFCCC,34.89,975.65,10.16,0.16,2.8,7.48,0,0,NA,NA,0.01,0,0.02,NA,0.01,0,0,0,NA,NA,NA,NA,NA,NA,NA,NA,NA,0,0.12,0,0,0.35,2.32,NA,1387.59,86.2,83.28,NA,975.65,284.58,41.16,2.91,NA,7.5,0.91,NA,NA,18.63,0.01,27.38,NA,26.72,0.08,0.76,0.58,NA,NA,NA,NA,NA,NA,NA,NA,NA,NA,0.38,0.32
2008,Australian Capital Territory,,Total UNFCCC,33.1,957.14,9.71,0.16,2.7,7.55,0,0,NA,NA,0.01,0,0.02,NA,0.01,0,0,0,NA,NA,NA,NA,NA,NA,NA,NA,NA,0,0.08,0,0,0.17,1.12,NA,1358.76,86.53,83.81,NA,957.14,271.85,43.24,2.72,NA,7.57,0.96,NA,NA,19.98,0.01,26.37,NA,26.61,0.07,0.91,0.55,NA,NA,NA,NA,NA,NA,NA,NA,NA,NA,0.3,0.48
2009,Australian Capital Territory,,Total UNFCCC,28.29,953.84,10.44,0.16,2.38,7.06,0,0,NA,NA,0.01,0,0.02,NA,0.01,0,0,0,NA,NA,NA,NA,NA,NA,NA,NA,NA,0,0.08,0,0,0.3,1.1,0.02,1393.4,105.8,103.32,NA,953.84,292.44,41.33,2.48,NA,8,1.3,NA,NA,25.05,0.02,31.79,NA,33.97,0.08,1.52,0.63,NA,NA,NA,NA,NA,NA,NA,NA,NA,NA,0.34,0.62
2010,Australian Capital Territory,,Total UNFCCC,27.8,1126.86,10.53,0.16,2.39,7.32,0,0,NA,NA,0.01,0,0.02,NA,0.01,0,0,0,NA,NA,NA,NA,NA,NA,NA,NA,NA,0,0.09,0,0,0.38,1.55,0.01,1565.5,101.81,99.66,NA,1126.86,294.97,41.85,2.15,NA,6.91,1.48,NA,NA,24.46,0.02,31.21,NA,32.03,0.09,1.51,0.74,NA,NA,NA,NA,NA,NA,NA,NA,NA,NA,0.43,0.78
2011,Australian Capital Territory,,Total UNFCCC,36.48,1206.39,10.91,0.17,2.78,8.34,0,0,NA,NA,0.01,0,0.03,NA,0.01,0,0,0,NA,NA,NA,NA,NA,NA,NA,NA,NA,0,0.11,0,0,0.4,1.56,0.02,1669.52,113.85,111.84,NA,1206.39,305.49,43.79,2.01,NA,7.82,1.9,NA,NA,28.49,0.02,37.22,NA,32.68,0.11,1.39,0.71,NA,NA,NA,NA,NA,NA,NA,NA,NA,NA,0.67,0.85
2012,Australian Capital Territory,,Total UNFCCC,31.12,1163.54,9.64,0.16,2.52,7.99,0,0,NA,NA,0.01,0,0.03,NA,0.01,0,0,0,NA,NA,NA,NA,NA,NA,NA,NA,NA,0,0.12,0,0,0.39,1.44,0.03,1584.86,107.93,105.97,NA,1163.54,269.8,43.61,1.96,NA,7.65,1.86,NA,NA,25.94,0.02,33,NA,34.44,0.14,0.91,0.58,NA,NA,NA,NA,NA,NA,NA,NA,NA,NA,0.65,0.77
2013,Australian Capital Territory,,Total UNFCCC,35.39,1096.02,9.83,0.15,2.57,8.79,0,0,NA,NA,0.01,0,0.03,NA,0.01,0,0,0,NA,NA,NA,NA,NA,NA,NA,NA,NA,0,0.12,0,0,0.55,2.46,0.03,1530.68,119.46,117.62,NA,1096.02,275.34,39.86,1.84,NA,8.59,1.95,NA,NA,29.45,0.03,33.47,NA,40.06,0.15,1.99,0.43,NA,NA,NA,NA,NA,NA,NA,NA,NA,NA,0.74,0.76
2014,Australian Capital Territory,,Total UNFCCC,36.2,1142.79,9.91,0.14,2.53,8.88,0,0,NA,NA,0.01,0,0.03,NA,0.01,0,0,0,NA,NA,NA,NA,NA,NA,NA,NA,NA,0,0.12,0,0,0.57,2.52,0.04,1587.57,129.83,128.03,NA,1142.79,277.6,37.34,1.81,NA,6.39,3.31,NA,NA,36.68,0.03,39.76,NA,38,0.16,1.6,0.32,NA,NA,NA,NA,NA,NA,NA,NA,NA,NA,1.06,0.74
2015,Australian Capital Territory,,Total UNFCCC,35.56,1107.53,9.94,0.14,2.66,9.14,0,0.01,NA,NA,0.01,0,0.04,NA,0.01,0,0,0,NA,NA,NA,NA,NA,NA,NA,NA,NA,0,0.15,0,0,0.65,2.71,0.06,1570.67,146.76,144.77,NA,1107.53,278.28,38.1,1.99,NA,7.24,3.81,NA,NA,41.63,0.03,46.39,NA,41.22,0.18,1.79,0.35,NA,NA,NA,NA,NA,NA,NA,NA,NA,NA,1.29,0.84
2016,Australian Capital Territory,,Total UNFCCC,29.56,1010.79,9.4,0.14,2.57,8.75,0,0.01,NA,NA,0.01,0,0.04,NA,0.01,0,0,0,NA,NA,NA,NA,NA,NA,NA,NA,NA,0,0.16,0,0,0.56,2.03,0.04,1459.18,147.5,145.49,NA,1010.79,263.19,37.71,2.01,NA,7.14,4.01,NA,NA,42.17,0.04,48.35,NA,39.66,0.19,1.33,0.45,NA,NA,NA,NA,NA,NA,NA,NA,NA,NA,1.33,0.82
2017,Australian Capital Territory,,Total UNFCCC,28.21,987.28,8.82,0.14,2.45,8.39,0,0.01,NA,NA,0.01,0,0.04,NA,0.01,0,0,0,NA,NA,NA,NA,NA,NA,NA,NA,NA,0,0.17,0,0,0.62,2.25,0.08,1421.01,149.08,147.08,NA,987.28,247.02,37.63,2,NA,7.21,4.06,NA,NA,42.64,0.04,48.88,NA,40.1,0.19,1.34,0.46,NA,NA,NA,NA,NA,NA,NA,NA,NA,NA,1.34,0.83
2018,Australian Capital Territory,,Total UNFCCC,21.13,872,6.85,0.13,2.14,7.57,0,0.01,NA,NA,0.01,0,0.04,NA,0.01,0,0,0,NA,NA,NA,NA,NA,NA,NA,NA,NA,0,0.17,0,0,0.49,1.47,0.1,1248.92,150.24,147.72,NA,872,191.66,35.02,2.52,NA,9.07,3.82,NA,NA,40.83,0.08,48.09,NA,41.38,0.22,1.58,0.63,NA,NA,NA,NA,NA,NA,NA,NA,NA,NA,1.23,0.8
2019,Australian Capital Territory,,Total UNFCCC,16.42,861.16,7.64,0.13,2.46,5.85,0,0.01,NA,NA,0.01,0,0.04,NA,0.01,0,0,0,NA,NA,NA,NA,NA,NA,NA,NA,NA,0,0.19,0,0,0.55,1.31,0.16,1278.66,168.62,166.24,NA,861.16,213.87,35.02,2.37,NA,10.21,4.3,NA,NA,45.95,0.09,54.12,NA,46.57,0.24,1.77,0.71,NA,NA,NA,NA,NA,NA,NA,NA,NA,NA,1.39,0.9
1990,External Territories,,Total UNFCCC,0.02,4.3,0.11,0,0.07,0.05,0,NA,NA,NA,NA,NA,NA,NA,NA,NA,NA,NA,NA,NA,NA,NA,NA,NA,NA,NA,NA,0,0,NA,NA,NA,NA,NA,7.83,0.32,0.27,NA,4.3,3.1,0.1,0.05,NA,0.27,NA,NA,NA,NA,NA,NA,NA,NA,NA,NA,NA,NA,NA,NA,NA,NA,NA,NA,NA,NA,NA,NA,NA
1991,External Territories,,Total UNFCCC,0.02,4.51,0.12,0,0.07,0.05,0,NA,NA,NA,NA,NA,NA,NA,NA,NA,NA,NA,NA,NA,NA,NA,NA,NA,NA,NA,NA,0,0,NA,NA,NA,NA,NA,8.4,0.32,0.27,NA,4.51,3.46,0.1,0.06,NA,0.27,NA,NA,NA,NA,NA,NA,NA,NA,NA,NA,NA,NA,NA,NA,NA,NA,NA,NA,NA,NA,NA,NA,NA
1992,External Territories,,Total UNFCCC,0.02,4.93,0.12,0,0.07,0.05,0,NA,NA,NA,NA,NA,NA,NA,NA,NA,NA,NA,NA,NA,NA,NA,NA,NA,NA,NA,NA,0,0,NA,NA,NA,NA,NA,8.81,0.31,0.25,NA,4.93,3.45,0.11,0.06,NA,0.25,NA,NA,NA,NA,NA,NA,NA,NA,NA,NA,NA,NA,NA,NA,NA,NA,NA,NA,NA,NA,NA,NA,NA
1993,External Territories,,Total UNFCCC,0.03,6.91,0.12,0,0.1,0.06,0,NA,NA,NA,NA,NA,NA,NA,NA,NA,NA,NA,NA,NA,NA,NA,NA,NA,NA,NA,NA,0,0.01,NA,NA,NA,NA,NA,10.87,0.41,0.34,NA,6.91,3.44,0.12,0.06,NA,0.34,NA,NA,NA,NA,NA,NA,NA,NA,NA,NA,NA,NA,NA,NA,NA,NA,NA,NA,NA,NA,NA,NA,NA
1994,External Territories,,Total UNFCCC,0.04,9.3,0.12,0,0.16,0.06,0,0,NA,NA,0,0,0,NA,0,0,0,0,NA,NA,NA,NA,NA,NA,NA,NA,NA,0,0.01,0,0,NA,NA,NA,13.15,0.27,0.2,NA,9.3,3.46,0.12,0.07,NA,0.2,0,NA,NA,0,0,0,NA,0,0,0,0,NA,NA,NA,NA,NA,NA,NA,NA,NA,NA,0,0
1995,External Territories,,Total UNFCCC,0.02,5.95,0.13,0,0.1,0.06,0,0,NA,0,0,0,0,NA,0,NA,0,0,NA,NA,NA,NA,NA,NA,NA,NA,NA,0,0.01,NA,NA,NA,NA,NA,9.86,0.28,0.21,NA,5.95,3.51,0.12,0.08,NA,0.18,0,NA,0,0.01,0,0.02,NA,0,NA,0,0,NA,NA,NA,NA,NA,NA,NA,NA,NA,NA,NA,NA
1996,External Territories,,Total UNFCCC,0.04,11.86,0.13,0,0.18,0.06,0,0,NA,0,0,0,0,NA,0,NA,0,0,NA,NA,NA,NA,NA,NA,NA,NA,NA,0,0.01,NA,NA,NA,NA,NA,15.73,0.15,0.08,NA,11.86,3.58,0.14,0.07,NA,0,0,NA,0,0.04,0,0.04,NA,0.01,NA,0,0,NA,NA,NA,NA,NA,NA,NA,NA,NA,NA,NA,NA
1997,External Territories,,Total UNFCCC,0.03,6.57,0.13,0,0.11,0.06,0,0,NA,0,0,0,0,NA,0,NA,0,0,NA,NA,NA,NA,NA,NA,NA,NA,NA,0,0.01,NA,NA,NA,NA,NA,10.51,0.19,0.13,NA,6.57,3.61,0.12,0.06,NA,0,0,NA,0,0.06,0,0.07,NA,0.01,NA,0,0,NA,NA,NA,NA,NA,NA,NA,NA,NA,NA,NA,NA
1998,External Territories,,Total UNFCCC,0.01,3.24,0.13,0,0.05,0.05,0,0,NA,0,0,0,0,NA,0,NA,0,0,NA,NA,NA,NA,NA,NA,NA,NA,NA,0,0,NA,NA,NA,NA,NA,7.26,0.24,0.18,NA,3.24,3.66,0.12,0.05,NA,0,0,NA,0,0.08,0,0.09,NA,0.01,NA,0,0,NA,NA,NA,NA,NA,NA,NA,NA,NA,NA,NA,NA
1999,External Territories,,Total UNFCCC,0.03,6.84,0.13,0,0.11,0.05,0,0,NA,0,0,0,0,NA,0,NA,0,0,NA,NA,NA,NA,NA,NA,NA,NA,NA,0,0.01,NA,NA,NA,NA,NA,11,0.32,0.27,NA,6.84,3.72,0.13,0.05,NA,0,0,NA,0,0.12,0,0.14,NA,0.02,NA,0,0,NA,NA,NA,NA,NA,NA,NA,NA,NA,NA,NA,NA
2000,External Territories,,Total UNFCCC,0.06,14.07,0.14,0,0.25,0.06,0,0,NA,0,0,0,0,NA,0,NA,0,0,NA,NA,NA,NA,NA,NA,NA,NA,NA,0,0.02,NA,NA,NA,NA,NA,18.4,0.37,0.32,NA,14.07,3.81,0.15,0.05,NA,0,0,NA,0,0.14,0,0.16,NA,0.02,NA,0,0,NA,NA,NA,NA,NA,NA,NA,NA,NA,NA,NA,NA
2001,External Territories,,Total UNFCCC,0.04,9.5,0.14,0,0.14,0.06,0,0,NA,0,0,0,0,NA,0,NA,0,0,NA,NA,NA,NA,NA,NA,NA,NA,NA,0,0.01,NA,NA,NA,NA,NA,14.04,0.49,0.45,NA,9.5,3.89,0.15,0.05,NA,0,0,NA,0,0.19,0,0.22,NA,0.03,NA,0.01,0,NA,NA,NA,NA,NA,NA,NA,NA,NA,NA,NA,NA
2002,External Territories,,Total UNFCCC,0.04,11.63,0.14,0,0.16,0.06,0,0,NA,0,0,0,0,NA,0,NA,0,0,NA,NA,NA,NA,NA,NA,NA,NA,NA,0,0.01,NA,NA,NA,NA,NA,16.31,0.57,0.53,NA,11.63,3.95,0.16,0.05,NA,0,0,NA,0,0.22,0,0.26,NA,0.03,NA,0.01,0,NA,NA,NA,NA,NA,NA,NA,NA,NA,NA,NA,NA
2003,External Territories,,Total UNFCCC,0.03,9.56,0.14,0,0.14,0.06,0,0,NA,0,0,0,0,NA,0,NA,0,0,NA,NA,NA,NA,NA,NA,NA,NA,NA,0,0.01,NA,NA,NA,NA,NA,14.4,0.71,0.66,NA,9.56,3.98,0.16,0.05,NA,0,0,NA,0,0.28,0,0.33,NA,0.04,NA,0.01,0,NA,NA,NA,NA,NA,NA,NA,NA,NA,NA,NA,NA
2004,External Territories,,Total UNFCCC,0.04,9.17,0.14,0,0.15,0.06,0,0,NA,0,0,0,0,NA,0,NA,0,0,NA,NA,NA,NA,NA,NA,NA,NA,NA,0,0.01,NA,NA,NA,NA,NA,14.04,0.79,0.75,NA,9.17,3.92,0.15,0.05,NA,0,0,NA,0,0.31,0,0.37,NA,0.05,NA,0.01,0,NA,NA,NA,NA,NA,NA,NA,NA,NA,NA,NA,NA
2005,External Territories,,Total UNFCCC,0.04,9.48,0.13,0,0.15,0.06,NA,0,NA,NA,0,0,0,NA,0,0,0,0,NA,NA,NA,NA,NA,NA,NA,NA,NA,0,0.01,0,0,NA,NA,NA,14.35,0.97,0.93,NA,9.48,3.76,0.14,0.04,NA,NA,0,NA,NA,0.2,0,0.34,NA,0.33,0,0.01,0.03,NA,NA,NA,NA,NA,NA,NA,NA,NA,NA,0.01,0
2006,External Territories,,Total UNFCCC,0.04,9.56,0.14,0,0.14,0.06,NA,0,NA,NA,0,0,0,NA,0,0,0,0,NA,NA,NA,NA,NA,NA,NA,NA,NA,0,0.01,0,0,NA,NA,NA,14.44,0.91,0.87,NA,9.56,3.82,0.15,0.04,NA,NA,0.01,NA,NA,0.19,0,0.34,NA,0.31,0,0.01,0.01,NA,NA,NA,NA,NA,NA,NA,NA,NA,NA,0.01,0
2007,External Territories,,Total UNFCCC,0.04,10.45,0.14,0,0.17,0.06,0,0,NA,NA,0,0,0,NA,0,0,0,0,NA,NA,NA,NA,NA,NA,NA,NA,NA,0,0.01,0,0,NA,NA,NA,15.47,1,0.97,NA,10.45,3.88,0.15,0.03,NA,0.09,0.01,NA,NA,0.22,0,0.32,NA,0.31,0,0.01,0.01,NA,NA,NA,NA,NA,NA,NA,NA,NA,NA,0,0
2008,External Territories,,Total UNFCCC,0.13,29.06,0.14,0,0.52,0.07,0,0,NA,NA,0,0,0,NA,0,0,0,0,NA,NA,NA,NA,NA,NA,NA,NA,NA,0,0,0,0,NA,NA,NA,34.25,1.01,0.97,NA,29.06,4,0.18,0.03,NA,0.09,0.01,NA,NA,0.23,0,0.31,NA,0.31,0,0.01,0.01,NA,NA,NA,NA,NA,NA,NA,NA,NA,NA,0,0.01
2009,External Territories,,Total UNFCCC,0.1,23.58,0.15,0,0.4,0.06,0,0,NA,NA,0,0,0,NA,0,0,0,0,NA,NA,NA,NA,NA,NA,NA,NA,NA,0,0.03,0,0,0,0.01,NA,29.03,1.16,1.13,NA,23.58,4.11,0.18,0.03,NA,0.09,0.01,NA,NA,0.27,0,0.35,NA,0.37,0,0.02,0.01,NA,NA,NA,NA,NA,NA,NA,NA,NA,NA,0,0.01
2010,External Territories,,Total UNFCCC,0.09,20.38,0.15,0,0.35,0.06,0,0,NA,NA,0,0,0,NA,0,0,0,0,NA,NA,NA,NA,NA,NA,NA,NA,NA,0,0.02,0,0,0,0.01,NA,25.84,1.11,1.09,NA,20.38,4.19,0.16,0.02,NA,0.08,0.02,NA,NA,0.27,0,0.34,NA,0.35,0,0.02,0.01,NA,NA,NA,NA,NA,NA,NA,NA,NA,NA,0,0.01
2011,External Territories,,Total UNFCCC,0.17,37.62,0.14,0,0.66,0.06,0,0,NA,NA,0,0,0,NA,0,0,0,0,NA,NA,NA,NA,NA,NA,NA,NA,NA,0,0.04,0,0,0,0.01,NA,42.76,0.95,0.94,NA,37.62,4.01,0.18,0.02,NA,0.07,0.02,NA,NA,0.24,0,0.31,NA,0.27,0,0.01,0.01,NA,NA,NA,NA,NA,NA,NA,NA,NA,NA,0.01,0.01
2012,External Territories,,Total UNFCCC,0.18,39.79,0.13,0,0.7,0.06,0,0,NA,NA,0,0,0,NA,0,0,0,0,NA,NA,NA,NA,NA,NA,NA,NA,NA,0,0.04,0,0,0,0.01,NA,44.61,0.9,0.89,NA,39.79,3.73,0.19,0.02,NA,0.06,0.02,NA,NA,0.22,0,0.28,NA,0.29,0,0.01,0,NA,NA,NA,NA,NA,NA,NA,NA,NA,NA,0.01,0.01
2013,External Territories,,Total UNFCCC,0.18,39.8,0.14,0,0.7,0.06,0,0,NA,NA,0,0,0,NA,0,0,0,0,NA,NA,NA,NA,NA,NA,NA,NA,NA,0,0.04,0,0,0,0.01,NA,44.79,1,0.98,NA,39.8,3.82,0.18,0.02,NA,0.07,0.02,NA,NA,0.25,0,0.28,NA,0.33,0,0.02,0,NA,NA,NA,NA,NA,NA,NA,NA,NA,NA,0.01,0.01
2014,External Territories,,Total UNFCCC,0.18,39.82,0.14,0,0.7,0.06,0,0,NA,NA,0,0,0,NA,0,0,0,0,NA,NA,NA,NA,NA,NA,NA,NA,NA,0,0.04,0,0,0,0.01,NA,44.96,1.07,1.05,NA,39.82,3.89,0.19,0.01,NA,0.05,0.03,NA,NA,0.3,0,0.33,NA,0.31,0,0.01,0,NA,NA,NA,NA,NA,NA,NA,NA,NA,NA,0.01,0.01
2015,External Territories,,Total UNFCCC,0.18,39.81,0.14,0,0.7,0.06,0,0,NA,NA,0,0,0,NA,0,0,0,0,NA,NA,NA,NA,NA,NA,NA,NA,NA,0,0.04,0,0,0,0.01,NA,45.14,1.19,1.18,NA,39.81,3.94,0.2,0.02,NA,0.06,0.03,NA,NA,0.34,0,0.38,NA,0.34,0,0.01,0,NA,NA,NA,NA,NA,NA,NA,NA,NA,NA,0.01,0.01
2016,External Territories,,Total UNFCCC,0.18,39.78,0.15,0,0.7,0.08,0,0,NA,NA,0,0,0,NA,0,0,0,0,NA,NA,NA,NA,NA,NA,NA,NA,NA,0,0.04,0,0,0,0.01,NA,45.98,1.68,1.65,NA,39.78,4.25,0.26,0.02,NA,0.08,0.05,NA,NA,0.48,0,0.55,NA,0.45,0,0.02,0.01,NA,NA,NA,NA,NA,NA,NA,NA,NA,NA,0.02,0.01
2017,External Territories,,Total UNFCCC,0.18,39.78,0.15,0,0.7,0.08,0,0,NA,NA,0,0,0,NA,0,0,0,0,NA,NA,NA,NA,NA,NA,NA,NA,NA,0,0.04,0,0,0,0.01,NA,45.96,1.66,1.63,NA,39.78,4.26,0.26,0.02,NA,0.08,0.05,NA,NA,0.47,0,0.54,NA,0.45,0,0.01,0.01,NA,NA,NA,NA,NA,NA,NA,NA,NA,NA,0.01,0.01
2018,External Territories,,Total UNFCCC,0.18,39.79,0.15,0,0.7,0.08,0,0,NA,NA,0,0,0,NA,0,0,0,0,NA,NA,NA,NA,NA,NA,NA,NA,NA,0,0.04,0,0,0,0.01,NA,45.96,1.65,1.62,NA,39.79,4.27,0.25,0.03,NA,0.1,0.04,NA,NA,0.45,0,0.53,NA,0.45,0,0.02,0.01,NA,NA,NA,NA,NA,NA,NA,NA,NA,NA,0.01,0.01
2019,External Territories,,Total UNFCCC,0.18,39.8,0.15,0,0.7,0.07,0,0,NA,NA,0,0,0,NA,0,0,0,0,NA,NA,NA,NA,NA,NA,NA,NA,NA,0,0.04,0,0,0,0.01,NA,46.17,1.84,1.82,NA,39.8,4.28,0.25,0.03,NA,0.11,0.05,NA,NA,0.5,0,0.59,NA,0.51,0,0.02,0.01,NA,NA,NA,NA,NA,NA,NA,NA,NA,NA,0.02,0.01
1990,New South Wales,,Total UNFCCC,3538.34,113541.36,2180.87,17.01,524.59,598.84,0.03,NA,NA,NA,NA,NA,NA,NA,NA,NA,NA,NA,NA,NA,0.18,0.02,NA,NA,NA,NA,NA,0,259.64,NA,NA,121.2,796.45,NA,181074.31,1959.67,408.89,1472.9,113541.36,61064.32,4508.96,77.87,NA,408.89,NA,NA,NA,NA,NA,NA,NA,NA,NA,NA,NA,NA,NA,1209.85,263.06,NA,NA,NA,NA,NA,NA,NA,NA
1991,New South Wales,,Total UNFCCC,3104.68,104008.19,2124.77,16.55,496.11,546.7,0.03,NA,NA,NA,NA,NA,NA,NA,NA,NA,NA,NA,NA,NA,0.18,0.02,NA,NA,NA,NA,NA,0,258.36,NA,NA,93.51,614.46,NA,169853.63,1965.78,407.47,1474.09,104008.19,59493.62,4386.04,84.21,NA,407.47,NA,NA,NA,NA,NA,NA,NA,NA,NA,NA,NA,NA,NA,1210.83,263.27,NA,NA,NA,NA,NA,NA,NA,NA
1992,New South Wales,,Total UNFCCC,3169.65,89890.08,2119.47,15.87,503.82,552.41,0.03,NA,NA,NA,NA,NA,NA,NA,NA,NA,NA,NA,NA,NA,0.18,0.02,NA,NA,NA,NA,NA,0,258.73,NA,NA,81.04,532.55,NA,155383.84,1943.33,380.9,1471.71,89890.08,59345.04,4205.39,90.72,NA,380.9,NA,NA,NA,NA,NA,NA,NA,NA,NA,NA,NA,NA,NA,1208.87,262.84,NA,NA,NA,NA,NA,NA,NA,NA
1993,New South Wales,,Total UNFCCC,2984.97,79924.2,2032.68,15.78,509.93,523.04,0.04,NA,NA,NA,NA,NA,NA,NA,NA,NA,NA,NA,NA,NA,0.13,0.02,NA,NA,NA,NA,NA,0,263.51,NA,NA,63.01,414.07,NA,142699.19,1678.73,521.64,1060,79924.2,56914.99,4181.27,97.09,NA,521.64,NA,NA,NA,NA,NA,NA,NA,NA,NA,NA,NA,NA,NA,870.69,189.31,NA,NA,NA,NA,NA,NA,NA,NA
1994,New South Wales,,Total UNFCCC,2974.6,87186.96,1924.78,16.1,513.22,520.16,0.02,0,NA,NA,0,0,0,NA,0,0,0,0,NA,NA,0.09,0.01,NA,NA,NA,NA,NA,0,269.14,0,0,59.48,390.87,NA,146436.07,1088.3,292.86,691.99,87186.96,53893.85,4266.95,103.46,NA,292.14,0.02,NA,NA,0.22,0,0.25,NA,0.21,0,0.01,0,NA,NA,568.4,123.59,NA,NA,NA,NA,NA,NA,0.01,0
1995,New South Wales,,Total UNFCCC,2761.37,78349.02,1802.03,14.68,509.11,492.75,0.02,0,NA,0,0.01,0,0.02,NA,0,NA,0,0,NA,NA,0.06,0.01,NA,NA,NA,NA,NA,0,279.39,NA,NA,53.18,349.46,NA,133604.83,907.5,307.56,489.42,78349.02,50456.84,3891.47,110.51,NA,258.36,0.25,NA,0.01,20.8,0.01,24.39,NA,3.01,NA,0.75,0,NA,NA,402.01,87.41,NA,NA,NA,NA,NA,NA,NA,NA
1996,New South Wales,,Total UNFCCC,2619.6,77918.38,1827.82,16.39,532.62,460.52,0,0,NA,0,0.02,0,0.05,NA,0,NA,0,0,NA,NA,0.06,0.01,NA,NA,NA,NA,NA,0,285.85,NA,NA,38.64,253.94,NA,134110.92,671.21,122.19,450.92,77918.38,51178.96,4342.38,98.11,NA,0.07,0.61,NA,0.02,51.61,0.02,60.52,NA,7.48,NA,1.85,0,NA,NA,370.38,80.53,NA,NA,NA,NA,NA,NA,NA,NA
1997,New South Wales,,Total UNFCCC,2428.66,84147.57,1859.64,17.55,543.32,433.38,0,0,NA,0,0.03,0,0.08,NA,0,NA,0,0,NA,NA,0.05,0.01,NA,NA,NA,NA,NA,0,293.14,NA,NA,37.06,243.53,NA,141558.22,689.74,205.92,392.65,84147.57,52069.96,4650.95,91.18,NA,0.12,1.03,NA,0.04,86.98,0.03,101.99,NA,12.61,NA,3.12,0,NA,NA,322.52,70.13,NA,NA,NA,NA,NA,NA,NA,NA
1998,New South Wales,,Total UNFCCC,2237.84,82363.57,1819.71,17.08,541.64,413.91,0,0,NA,0,0.04,0,0.11,NA,0,NA,0,0,NA,NA,0.07,0.01,NA,NA,NA,NA,NA,0,288.17,NA,NA,35.6,233.94,NA,138742.88,902.34,288.79,530.88,82363.57,50951.8,4525.17,82.66,NA,0.17,1.44,NA,0.05,121.98,0.05,143.04,NA,17.68,NA,4.38,0,NA,NA,436.07,94.81,NA,NA,NA,NA,NA,NA,NA,NA
1999,New South Wales,,Total UNFCCC,2241.24,86795.46,1748.77,17.89,554.76,412.18,0,0,NA,0,0.06,0,0.17,NA,0.01,NA,0,0,NA,NA,0.05,0.01,NA,NA,NA,NA,NA,0,297.04,NA,NA,37.66,247.48,NA,141374.04,871.19,434.47,364.17,86795.46,48965.49,4741.92,72.55,NA,0.25,2.17,NA,0.08,183.51,0.07,215.2,NA,26.6,NA,6.59,0,NA,NA,299.13,65.04,NA,NA,NA,NA,NA,NA,NA,NA
2000,New South Wales,,Total UNFCCC,2645.89,98119.78,1793.54,19.46,547.02,463.29,0,0,NA,0,0.07,0,0.2,NA,0.01,NA,0,0,NA,NA,0.05,0.01,NA,NA,NA,NA,NA,0,296.45,NA,NA,48.93,321.54,NA,154492.54,997.26,512.44,411.48,98119.78,50219.07,5156.42,73.34,NA,0.3,2.55,NA,0.09,216.45,0.09,253.82,NA,31.37,NA,7.77,0,NA,NA,337.99,73.49,NA,NA,NA,NA,NA,NA,NA,NA
2001,New South Wales,,Total UNFCCC,2532.69,104189.87,1780.96,19.81,574.57,448.5,0,0.01,NA,0,0.1,0,0.27,NA,0.01,NA,0,0,NA,NA,0.07,0.01,NA,NA,NA,NA,NA,0,303.1,NA,NA,44.66,293.51,NA,160673.33,1366.64,714.21,576.08,104189.87,49866.92,5249.9,76.36,NA,0.42,3.56,NA,0.13,301.68,0.12,353.75,NA,43.72,NA,10.83,0,NA,NA,473.19,102.89,NA,NA,NA,NA,NA,NA,NA,NA
2002,New South Wales,,Total UNFCCC,2527.11,102284.1,1717.64,19.27,580.23,456.46,0,0.01,NA,0,0.11,0,0.33,NA,0.01,NA,0,0,NA,NA,0.07,0.01,NA,NA,NA,NA,NA,0,302.86,NA,NA,48.64,319.62,NA,156974.6,1489.73,858.9,552.34,102284.1,48094.05,5106.73,78.49,NA,0.5,4.28,NA,0.15,362.79,0.14,425.42,NA,52.58,NA,13.02,0,NA,NA,453.69,98.65,NA,NA,NA,NA,NA,NA,NA,NA
2003,New South Wales,,Total UNFCCC,2261.41,103694.11,1591.36,17.68,586.24,436.71,0,0.01,NA,0,0.15,0,0.42,NA,0.01,NA,0,0,NA,NA,0.07,0.01,NA,NA,NA,NA,NA,0,330.12,NA,NA,41.57,273.19,NA,154648.93,1710.61,1092.66,538.38,103694.11,44558.15,4686.06,79.56,NA,0.64,5.45,NA,0.2,461.53,0.18,541.21,NA,66.89,NA,16.56,0,NA,NA,442.23,96.15,NA,NA,NA,NA,NA,NA,NA,NA
2004,New South Wales,,Total UNFCCC,2352.66,105514.52,1623.83,18.86,606.2,448.99,0,0.01,NA,0,0.17,0,0.48,NA,0.02,NA,0.01,0,NA,NA,0.07,0.01,NA,NA,NA,NA,NA,0,345.58,NA,NA,43.28,284.42,NA,157855.19,1876.22,1248.49,547.93,105514.52,45467.29,4997.15,79.8,NA,0.73,6.22,NA,0.23,527.35,0.21,618.39,NA,76.43,NA,18.93,0,NA,NA,450.07,97.86,NA,NA,NA,NA,NA,NA,NA,NA
2005,New South Wales,,Total UNFCCC,2154.41,112243.63,1615.05,20.06,602.25,433.73,NA,0.01,NA,NA,0.11,0,0.45,NA,0.12,0.01,0,0.01,NA,NA,0.07,0.01,NA,NA,NA,NA,NA,0,317.65,0.01,0,55.45,364.38,NA,165013.74,2232.17,1591.77,572.82,112243.63,45221.44,5316.5,67.58,NA,NA,6.36,NA,NA,349.51,0.22,589.15,NA,566.92,1.19,15.52,52.18,NA,NA,470.52,102.3,NA,NA,NA,NA,NA,NA,8.69,2.03
2006,New South Wales,,Total UNFCCC,2197.03,115157.71,1670.29,20,623.95,443.16,NA,0.02,NA,NA,0.11,0,0.45,NA,0.11,0.01,0,0,NA,NA,0.03,0,NA,NA,NA,NA,NA,0,340.43,0.01,0.01,54.46,357.87,NA,169030.71,1805.17,1521.72,219.66,115157.71,46768,5299.84,63.79,NA,NA,10.33,NA,NA,335.25,0.25,587.43,NA,543.92,1.35,13.81,14.04,NA,NA,180.43,39.23,NA,NA,NA,NA,NA,NA,9.23,6.1
2007,New South Wales,,Total UNFCCC,2046.05,120620.92,1665.92,17.52,621.38,436.96,0.01,0.03,NA,NA,0.12,0,0.43,NA,0.11,0.01,0,0,NA,NA,0.02,0,NA,NA,NA,NA,NA,0,332.54,0.01,0.01,59.35,390,NA,173850.99,1942.46,1696.84,186.29,120620.92,46645.72,4641.89,59.33,NA,152.85,18.62,NA,NA,379.53,0.25,557.9,NA,544.32,1.66,15.5,11.9,NA,NA,153.02,33.27,NA,NA,NA,NA,NA,NA,7.81,6.5
2008,New South Wales,,Total UNFCCC,1868.1,118579.29,1605.99,17.34,622.39,417.38,0.01,0.03,NA,NA,0.13,0,0.41,NA,0.11,0.01,0.01,0,NA,NA,0.02,0,NA,NA,NA,NA,NA,0,347.16,0.01,0.01,42.61,280,NA,170046.41,1905.09,1707.64,142.12,118579.29,44967.6,4594.43,55.34,NA,154.25,19.61,NA,NA,407.02,0.28,537.2,NA,542.22,1.51,18.51,11.28,NA,NA,116.73,25.38,NA,NA,NA,NA,NA,NA,6.03,9.72
2009,New South Wales,,Total UNFCCC,1819.23,114555.75,1583.82,17.28,600.32,410.88,0.01,0.04,NA,NA,0.16,0,0.49,NA,0.14,0.01,0.01,0,NA,NA,0.02,0,NA,NA,NA,NA,NA,0,331.6,0.01,0.02,51.27,273.76,85.61,165719.82,2238.79,2050.25,139.34,114555.75,44346.94,4578.34,49.21,NA,158.8,25.88,NA,NA,497.1,0.32,630.86,NA,674.04,1.59,30.24,12.45,NA,NA,115.91,23.43,NA,NA,NA,NA,NA,NA,6.67,12.31
2010,New South Wales,,Total UNFCCC,1607.03,109112.17,1454.48,17.27,592.37,389.83,0.01,0.04,NA,NA,0.16,0,0.48,NA,0.13,0.01,0.01,0,NA,NA,0.02,0,NA,NA,NA,NA,NA,0,323.93,0.01,0.02,49.25,252.27,86.41,156593.89,2179.14,2010.25,125.56,109112.17,40725.42,4577.16,43.33,NA,139.43,29.93,NA,NA,493.47,0.42,629.43,NA,646.03,1.84,30.4,14.84,NA,NA,104.41,21.15,NA,NA,NA,NA,NA,NA,8.62,15.83
2011,New South Wales,,Total UNFCCC,1770.71,107913.27,1498.1,19.97,636.84,421.46,0.01,0.05,NA,NA,0.18,0,0.56,NA,0.13,0.01,0.01,0,NA,NA,0.02,0,NA,NA,NA,NA,NA,0,313.54,0.02,0.02,53.42,276.4,107.67,157517.51,2365.98,2184.55,142.17,107913.27,41946.9,5291.36,39.26,NA,152.71,37.03,NA,NA,556.38,0.48,727.01,NA,638.29,2.06,27.23,13.78,NA,NA,118.43,23.74,NA,NA,NA,NA,NA,NA,13.04,16.54
2012,New South Wales,,Total UNFCCC,1743.56,109930.97,1466.53,19.45,643.96,418.26,0.01,0.05,NA,NA,0.16,0,0.49,NA,0.14,0.02,0.01,0,NA,NA,0.02,0,NA,NA,NA,NA,NA,0,307.82,0.01,0.02,53.11,273.76,134.21,158375.89,2228.46,2063.68,126.68,109930.97,41062.93,5153.53,38.1,NA,148.94,36.25,NA,NA,505.21,0.48,642.69,NA,670.79,2.8,17.68,11.2,NA,NA,105.33,21.35,NA,NA,NA,NA,NA,NA,12.72,14.92
2013,New South Wales,,Total UNFCCC,1776.25,105628.61,1421.96,19.06,624.62,421.34,0.01,0.06,NA,NA,0.18,0,0.5,NA,0.16,0.02,0.01,0,NA,NA,0.01,0,NA,NA,NA,NA,NA,0,283.53,0.02,0.02,57.31,299.5,140.68,152887.78,2394.04,2284.77,73.55,105628.61,39814.86,5050.27,35.71,NA,166.79,37.85,NA,NA,572.12,0.54,650.14,NA,778.23,2.92,38.74,8.42,NA,NA,57.19,16.36,NA,NA,NA,NA,NA,NA,14.32,14.7
2014,New South Wales,,Total UNFCCC,1799.66,104741.81,1365.1,18.8,619.75,436.25,0.01,0.09,NA,NA,0.22,0,0.59,NA,0.15,0.02,0.01,0,NA,NA,0.01,0,NA,NA,NA,NA,NA,0,273.07,0.02,0.02,57.5,299.38,140.35,150525.13,2579.64,2469.59,75.22,104741.81,38222.77,4980.91,34.83,NA,123.19,63.75,NA,NA,707.59,0.53,766.87,NA,733.06,3.04,30.78,6.09,NA,NA,58.49,16.73,NA,NA,NA,NA,NA,NA,20.39,14.29
2015,New South Wales,,Total UNFCCC,1788.22,97707.21,1379.7,18.27,614.54,445.21,0.01,0.11,NA,NA,0.25,0,0.69,NA,0.17,0.02,0.01,0,NA,NA,0.01,0,NA,NA,NA,NA,NA,0,259.72,0.03,0.02,54.47,270.53,135.06,144079.32,2899.02,2782.94,77.78,97707.21,38631.47,4841.61,38.3,NA,139.1,73.18,NA,NA,800.36,0.62,891.83,NA,792.4,3.42,34.32,6.81,NA,NA,60.48,17.3,NA,NA,NA,NA,NA,NA,24.73,16.16
2016,New South Wales,,Total UNFCCC,1676.24,91718.38,1358.97,18.16,642.47,412.99,0.01,0.11,NA,NA,0.26,0,0.71,NA,0.16,0.03,0.01,0,NA,NA,0.02,0,NA,NA,NA,NA,NA,0,274.05,0.03,0.02,52.39,256.24,116.84,137533.6,2952.27,2791.47,122.2,91718.38,38051.1,4811.85,38.6,NA,136.91,76.97,NA,NA,809.19,0.73,927.69,NA,761.01,3.6,25.49,8.72,NA,NA,101.31,20.89,NA,NA,NA,NA,NA,NA,25.46,15.7
2017,New South Wales,,Total UNFCCC,1841.8,92800.15,1360.15,20.39,650.48,436.86,0.01,0.11,NA,NA,0.26,0,0.72,NA,0.16,0.03,0.01,0,NA,NA,0.01,0,NA,NA,NA,NA,NA,0,273.53,0.03,0.02,56.64,280.47,115.38,139203.4,2915.79,2799.07,78.73,92800.15,38084.19,5403.27,37.99,NA,137.28,77.18,NA,NA,811.39,0.73,930.21,NA,763.08,3.61,25.56,8.75,NA,NA,65.5,13.22,NA,NA,NA,NA,NA,NA,25.53,15.74
2018,New South Wales,,Total UNFCCC,1685.17,100683.04,1279.86,18.15,648.46,413.01,0.01,0.11,NA,NA,0.24,0,0.7,NA,0.16,0.03,0.01,0,NA,NA,0.01,0,NA,NA,NA,NA,NA,0,275.83,0.03,0.02,59.98,303.94,119.35,144284.95,2955.77,2804.8,103.16,100683.04,35836.11,4810.02,47.81,NA,172.22,72.54,NA,NA,775.21,1.43,913.1,NA,785.72,4.11,29.91,11.99,NA,NA,85.83,17.32,NA,NA,NA,NA,NA,NA,23.41,15.15
2019,New South Wales,,Total UNFCCC,1365.71,97975.12,1116.79,15.1,627.07,351.39,0.02,0.12,NA,NA,0.28,0,0.79,NA,0.18,0.03,0.01,0,NA,NA,0.02,0,NA,NA,NA,NA,NA,0,241.09,0.03,0.02,50.69,248.89,124.94,136579.03,3332.51,3154.22,133.32,97975.12,31270.05,4001.35,44.98,NA,193.68,81.57,NA,NA,871.78,1.61,1026.86,NA,883.6,4.62,33.64,13.49,NA,NA,110.91,22.41,NA,NA,NA,NA,NA,NA,26.32,17.04
1990,Northern Territory,,Total UNFCCC,4807.39,6719.51,209.19,3.43,199.43,297.63,0,NA,NA,NA,NA,NA,NA,NA,NA,NA,NA,NA,NA,NA,NA,NA,NA,NA,NA,NA,NA,0,39.48,NA,NA,45.43,298.57,NA,13500.34,13.6,11.42,NA,6719.51,5857.31,909.92,2.18,NA,11.42,NA,NA,NA,NA,NA,NA,NA,NA,NA,NA,NA,NA,NA,NA,NA,NA,NA,NA,NA,NA,NA,NA,NA
1991,Northern Territory,,Total UNFCCC,4703.16,7766.94,212.19,3.4,193.35,290.91,0,NA,NA,NA,NA,NA,NA,NA,NA,NA,NA,NA,NA,NA,NA,NA,NA,NA,NA,NA,NA,0,33.47,NA,NA,44.63,293.25,NA,14622.49,13.84,11.47,NA,7766.94,5941.39,900.32,2.37,NA,11.47,NA,NA,NA,NA,NA,NA,NA,NA,NA,NA,NA,NA,NA,NA,NA,NA,NA,NA,NA,NA,NA,NA,NA
1992,Northern Territory,,Total UNFCCC,4813.55,6936.74,214.32,3.49,196.69,295.88,0,NA,NA,NA,NA,NA,NA,NA,NA,NA,NA,NA,NA,NA,NA,NA,NA,NA,NA,NA,NA,0,31.37,NA,NA,43.58,286.38,NA,13875.33,13.27,10.71,NA,6936.74,6000.93,924.4,2.55,NA,10.71,NA,NA,NA,NA,NA,NA,NA,NA,NA,NA,NA,NA,NA,NA,NA,NA,NA,NA,NA,NA,NA,NA,NA
1993,Northern Territory,,Total UNFCCC,5135.33,6485.63,214.42,3.78,208.01,313.67,0,NA,NA,NA,NA,NA,NA,NA,NA,NA,NA,NA,NA,NA,NA,NA,NA,NA,NA,NA,NA,0,30.15,NA,NA,43.91,288.56,NA,13508.13,18.11,15.27,NA,6485.63,6003.71,1000.68,2.84,NA,15.27,NA,NA,NA,NA,NA,NA,NA,NA,NA,NA,NA,NA,NA,NA,NA,NA,NA,NA,NA,NA,NA,NA,NA
1994,Northern Territory,,Total UNFCCC,5341.48,7140.05,221.41,3.86,215.57,324.58,0,0,NA,NA,0,0,0,NA,0,0,0,0,NA,NA,NA,NA,NA,NA,NA,NA,NA,0,29.94,0,0,45.29,297.64,NA,14373.67,11.69,8.64,NA,7140.05,6199.47,1022.45,3.05,NA,8.62,0,NA,NA,0.01,0,0.01,NA,0.01,0,0,0,NA,NA,NA,NA,NA,NA,NA,NA,NA,NA,0,0
1995,Northern Territory,,Total UNFCCC,5686.69,9146.8,229.39,4.13,227.94,345.94,0,0,NA,0,0,0,0,NA,0,NA,0,0,NA,NA,NA,NA,NA,NA,NA,NA,NA,0,29.28,NA,NA,49.41,324.68,NA,16676.45,12.6,9.27,NA,9146.8,6423.04,1094.01,3.33,NA,7.79,0.01,NA,0,0.63,0,0.73,NA,0.09,NA,0.02,0,NA,NA,NA,NA,NA,NA,NA,NA,NA,NA,NA,NA
1996,Northern Territory,,Total UNFCCC,6220.09,9452.67,243.92,4.44,248.57,376.14,0,0,NA,0,0,0,0,NA,0,NA,0,0,NA,NA,NA,NA,NA,NA,NA,NA,NA,0,28.76,NA,NA,52.49,344.92,NA,17464.85,6.7,3.71,NA,9452.67,6829.85,1175.63,2.98,NA,0,0.02,NA,0,1.57,0,1.84,NA,0.23,NA,0.06,0,NA,NA,NA,NA,NA,NA,NA,NA,NA,NA,NA,NA
1997,Northern Territory,,Total UNFCCC,6239.24,9373.93,244.04,4.42,251.07,376.93,0,0,NA,0,0,0,0,NA,0,NA,0,0,NA,NA,NA,NA,NA,NA,NA,NA,NA,0,31.56,NA,NA,52.96,348.01,NA,17388.61,9.09,6.3,NA,9373.93,6832.98,1172.6,2.79,NA,0,0.03,NA,0,2.66,0,3.12,NA,0.39,NA,0.1,0,NA,NA,NA,NA,NA,NA,NA,NA,NA,NA,NA,NA
1998,Northern Territory,,Total UNFCCC,6393.61,10391.52,253.48,4.49,256.87,386.27,0,0,NA,0,0,0,0,NA,0,NA,0,0,NA,NA,NA,NA,NA,NA,NA,NA,NA,0,31.04,NA,NA,56.15,368.97,NA,18690.6,11.42,8.88,NA,10391.52,7097.32,1190.34,2.54,NA,0.01,0.04,NA,0,3.75,0,4.4,NA,0.54,NA,0.13,0,NA,NA,NA,NA,NA,NA,NA,NA,NA,NA,NA,NA
1999,Northern Territory,,Total UNFCCC,7002.97,11031.67,258.93,4.82,280.11,422.87,0,0,NA,0,0,0,0.01,NA,0,NA,0,0,NA,NA,NA,NA,NA,NA,NA,NA,NA,0,31.49,NA,NA,58.58,384.96,NA,19574.55,15.67,13.42,NA,11031.67,7250.09,1277.13,2.24,NA,0.01,0.07,NA,0,5.67,0,6.65,NA,0.82,NA,0.2,0,NA,NA,NA,NA,NA,NA,NA,NA,NA,NA,NA,NA
2000,Northern Territory,,Total UNFCCC,8025.75,12194.36,274.77,5.26,320.89,485.86,0,0,NA,0,0,0,0.01,NA,0,NA,0,0,NA,NA,NA,NA,NA,NA,NA,NA,NA,0,39.44,NA,NA,64.45,423.49,NA,21299.68,18.07,15.8,NA,12194.36,7693.69,1393.56,2.26,NA,0.01,0.08,NA,0,6.68,0,7.83,NA,0.97,NA,0.24,0,NA,NA,NA,NA,NA,NA,NA,NA,NA,NA,NA,NA
2001,Northern Territory,,Total UNFCCC,7902.63,9007.22,278.04,5.17,311.32,479.36,0,0,NA,0,0,0,0.01,NA,0,NA,0,0,NA,NA,NA,NA,NA,NA,NA,NA,NA,0,32.14,NA,NA,60.16,395.3,NA,18187.73,24.3,21.95,NA,9007.22,7785.25,1370.97,2.35,NA,0.01,0.11,NA,0,9.27,0,10.87,NA,1.34,NA,0.33,0,NA,NA,NA,NA,NA,NA,NA,NA,NA,NA,NA,NA
2002,Northern Territory,,Total UNFCCC,7686.96,8518.75,277.99,5.12,311.86,466.27,0,0,NA,0,0,0,0.01,NA,0,NA,0,0,NA,NA,NA,NA,NA,NA,NA,NA,NA,0,32.56,NA,NA,58.12,381.9,NA,17688.51,28.47,26.09,NA,8518.75,7783.81,1357.46,2.38,NA,0.02,0.13,NA,0,11.02,0,12.92,NA,1.6,NA,0.4,0,NA,NA,NA,NA,NA,NA,NA,NA,NA,NA,NA,NA
2003,Northern Territory,,Total UNFCCC,8136.65,7190.67,277.22,5.31,311.89,490.48,0,0,NA,0,0,0,0.01,NA,0,NA,0,0,NA,NA,NA,NA,NA,NA,NA,NA,NA,0,28.9,NA,NA,61.29,402.74,NA,16395.06,35.37,32.97,NA,7190.67,7762.03,1406.99,2.4,NA,0.02,0.16,NA,0.01,13.93,0.01,16.33,NA,2.02,NA,0.5,0,NA,NA,NA,NA,NA,NA,NA,NA,NA,NA,NA,NA
2004,Northern Territory,,Total UNFCCC,6777.17,6619.51,256.73,4.62,275.75,410.82,0,0,NA,0,0,0,0.01,NA,0,NA,0,0,NA,NA,NA,NA,NA,NA,NA,NA,NA,0,29.21,NA,NA,53.9,354.18,NA,15072.87,39.3,36.94,NA,6619.51,7188.51,1225.56,2.36,NA,0.02,0.18,NA,0.01,15.6,0.01,18.29,NA,2.26,NA,0.56,0,NA,NA,NA,NA,NA,NA,NA,NA,NA,NA,NA,NA
2005,Northern Territory,,Total UNFCCC,6122.58,6043.89,244.85,4.33,259.76,371.9,NA,0,NA,NA,0,0,0.01,NA,0,0,0,0,NA,NA,NA,NA,NA,NA,NA,NA,NA,0,29.58,0,0,49.8,327.25,NA,14095.8,49.29,47.28,NA,6043.89,6855.73,1146.89,2.01,NA,NA,0.19,NA,NA,10.38,0.01,17.5,NA,16.84,0.04,0.46,1.55,NA,NA,NA,NA,NA,NA,NA,NA,NA,NA,0.26,0.06
2006,Northern Territory,,Total UNFCCC,6801.81,7767.1,262.29,4.72,298.89,413.41,NA,0,NA,NA,0,0,0.01,NA,0,0,0,0,NA,NA,NA,NA,NA,NA,NA,NA,NA,0,29.62,0,0,55.48,364.59,NA,16408.71,47.66,45.74,NA,7767.1,7344.26,1249.69,1.92,NA,NA,0.31,NA,NA,10.08,0.01,17.66,NA,16.35,0.04,0.42,0.42,NA,NA,NA,NA,NA,NA,NA,NA,NA,NA,0.28,0.18
2007,Northern Territory,,Total UNFCCC,7082.86,8386.73,275.71,4.82,299.56,431.07,0,0,NA,NA,0,0,0.01,NA,0,0,0,0,NA,NA,NA,NA,NA,NA,NA,NA,NA,0,29.46,0,0,58.56,384.83,NA,17438.34,54.45,52.61,NA,8386.73,7719.79,1277.36,1.84,NA,4.74,0.58,NA,NA,11.77,0.01,17.3,NA,16.88,0.05,0.48,0.37,NA,NA,NA,NA,NA,NA,NA,NA,NA,NA,0.24,0.2
2008,Northern Territory,,Total UNFCCC,6264.51,8376.35,271.13,4.41,277.75,383.4,0,0,NA,NA,0,0,0.01,NA,0,0,0,0,NA,NA,NA,NA,NA,NA,NA,NA,NA,0,34.88,0,0,53.38,350.76,NA,17192.03,54.67,52.95,NA,8376.35,7591.76,1169.26,1.72,NA,4.78,0.61,NA,NA,12.62,0.01,16.66,NA,16.81,0.05,0.57,0.35,NA,NA,NA,NA,NA,NA,NA,NA,NA,NA,0.19,0.3
2009,Northern Territory,,Total UNFCCC,6836.87,10112.37,267.33,4.65,292.61,418.02,0,0,NA,NA,0.01,0,0.02,NA,0,0,0,0,NA,NA,NA,NA,NA,NA,NA,NA,NA,0,28.61,0,0,60.53,382.11,9.44,18896.39,67.34,65.76,NA,10112.37,7485.26,1231.42,1.58,NA,5.09,0.83,NA,NA,15.94,0.01,20.23,NA,21.62,0.05,0.97,0.4,NA,NA,NA,NA,NA,NA,NA,NA,NA,NA,0.21,0.39
2010,Northern Territory,,Total UNFCCC,7105.43,7077.94,284.55,4.75,299.09,433.7,0,0,NA,NA,0,0,0.02,NA,0,0,0,0,NA,NA,NA,NA,NA,NA,NA,NA,NA,0,29.58,0,0,54.4,350.08,8.62,16370.71,65.22,63.85,NA,7077.94,7967.48,1260.06,1.38,NA,4.43,0.95,NA,NA,15.67,0.01,19.99,NA,20.52,0.06,0.97,0.47,NA,NA,NA,NA,NA,NA,NA,NA,NA,NA,0.27,0.5
2011,Northern Territory,,Total UNFCCC,6588.69,5448.43,280.24,4.44,280.13,401.63,0,0,NA,NA,0.01,0,0.02,NA,0,0,0,0,NA,NA,NA,NA,NA,NA,NA,NA,NA,0,29.08,0,0,50.58,323.82,8.34,14543.67,71.28,70.02,NA,5448.43,7846.65,1177.33,1.26,NA,4.89,1.19,NA,NA,17.83,0.02,23.3,NA,20.46,0.07,0.87,0.44,NA,NA,NA,NA,NA,NA,NA,NA,NA,NA,0.42,0.53
2012,Northern Territory,,Total UNFCCC,6110.55,4527.95,267.62,4.19,267.05,374.11,0,0,NA,NA,0.01,0,0.02,NA,0,0,0,0,NA,NA,NA,NA,NA,NA,NA,NA,NA,0,28.65,0,0,46.7,298.56,9.43,13200.35,67.7,66.47,NA,4527.95,7493.22,1111.48,1.23,NA,4.8,1.17,NA,NA,16.27,0.02,20.7,NA,21.61,0.09,0.57,0.36,NA,NA,NA,NA,NA,NA,NA,NA,NA,NA,0.41,0.48
2013,Northern Territory,,Total UNFCCC,6411.98,6515.67,273.1,4.36,277.1,393.28,0,0,NA,NA,0.01,0,0.02,NA,0.01,0,0,0,NA,NA,NA,NA,NA,NA,NA,NA,NA,0,26.82,0,0,49.93,320.36,10.55,15393.67,75.39,74.23,NA,6515.67,7646.74,1155.88,1.16,NA,5.42,1.23,NA,NA,18.59,0.02,21.12,NA,25.28,0.09,1.26,0.27,NA,NA,NA,NA,NA,NA,NA,NA,NA,NA,0.47,0.48
2014,Northern Territory,,Total UNFCCC,6564.99,5586.51,274.45,4.4,278.63,401.93,0,0,NA,NA,0.01,0,0.02,NA,0,0,0,0,NA,NA,NA,NA,NA,NA,NA,NA,NA,0,26.78,0,0,49.7,318.63,11.02,14517.52,80.44,79.32,NA,5586.51,7684.52,1166.06,1.12,NA,3.96,2.05,NA,NA,22.73,0.02,24.63,NA,23.54,0.1,0.99,0.2,NA,NA,NA,NA,NA,NA,NA,NA,NA,NA,0.65,0.46
2015,Northern Territory,,Total UNFCCC,5616.66,5256.72,264.44,4.01,241.32,347.4,0,0,NA,NA,0.01,0,0.02,NA,0.01,0,0,0,NA,NA,NA,NA,NA,NA,NA,NA,NA,0,3.68,0,0,46.64,297.5,9.19,13812.35,89.76,88.55,NA,5256.72,7404.44,1061.42,1.22,NA,4.43,2.33,NA,NA,25.47,0.02,28.38,NA,25.21,0.11,1.09,0.22,NA,NA,NA,NA,NA,NA,NA,NA,NA,NA,0.79,0.51
2016,Northern Territory,,Total UNFCCC,5511.58,5967.53,272.13,3.98,234.22,341.47,0,0,NA,NA,0.01,0,0.02,NA,0,0,0,0,NA,NA,NA,NA,NA,NA,NA,NA,NA,0,1.25,0,0,47.26,302.14,11.72,14731.33,88.94,87.72,NA,5967.53,7619.64,1055.22,1.21,NA,4.3,2.42,NA,NA,25.43,0.02,29.15,NA,23.91,0.11,0.8,0.27,NA,NA,NA,NA,NA,NA,NA,NA,NA,NA,0.8,0.49
2017,Northern Territory,,Total UNFCCC,5977.9,6581.82,277.64,4.08,253.2,370.84,0,0,NA,NA,0.01,0,0.02,NA,0,0,0,0,NA,NA,NA,NA,NA,NA,NA,NA,NA,0,2.03,0,0,49.78,318.26,12.89,15526.6,88.44,87.25,NA,6581.82,7773.95,1082.4,1.18,NA,4.28,2.41,NA,NA,25.29,0.02,29,NA,23.79,0.11,0.8,0.27,NA,NA,NA,NA,NA,NA,NA,NA,NA,NA,0.8,0.49
2018,Northern Territory,,Total UNFCCC,5076.08,7002.79,259.67,3.57,241.02,321.25,0,0,NA,NA,0.01,0,0.02,NA,0.01,0,0,0,NA,NA,NA,NA,NA,NA,NA,NA,NA,0,2.09,0,0,44.3,281.31,13.81,15307.31,87.18,85.72,NA,7002.79,7270.89,946.44,1.46,NA,5.26,2.22,NA,NA,23.69,0.04,27.91,NA,24.01,0.13,0.91,0.37,NA,NA,NA,NA,NA,NA,NA,NA,NA,NA,0.72,0.46
2019,Northern Territory,,Total UNFCCC,5201.18,11799.83,277.49,3.7,250.77,339.71,0,0,NA,NA,0.01,0,0.02,NA,0.01,0,0,0,NA,NA,NA,NA,NA,NA,NA,NA,NA,0,2.08,0,0,42.29,266.29,14.9,20646.95,97.38,96.01,NA,11799.83,7769.71,980.04,1.37,NA,5.9,2.48,NA,NA,26.54,0.05,31.26,NA,26.89,0.14,1.02,0.41,NA,NA,NA,NA,NA,NA,NA,NA,NA,NA,0.8,0.52
1990,Queensland,,Total UNFCCC,7908.09,145717.45,1230.36,15.78,601.34,907.18,0.02,NA,NA,NA,NA,NA,NA,NA,NA,NA,NA,NA,NA,NA,0.14,0.02,NA,NA,NA,NA,NA,0,139.86,NA,NA,298.27,1960.05,NA,185752.29,1402.38,201.8,1162.14,145717.45,34450.14,4182.32,38.43,NA,201.8,NA,NA,NA,NA,NA,NA,NA,NA,NA,NA,NA,NA,NA,954.59,207.56,NA,NA,NA,NA,NA,NA,NA,NA
1991,Queensland,,Total UNFCCC,7506.98,140673.89,1260.89,15.15,592.81,855.96,0.02,NA,NA,NA,NA,NA,NA,NA,NA,NA,NA,NA,NA,NA,0.14,0.02,NA,NA,NA,NA,NA,0,141.12,NA,NA,274.01,1800.62,NA,181403.26,1408.72,203.56,1163.09,140673.89,35305.04,4015.62,42.07,NA,203.56,NA,NA,NA,NA,NA,NA,NA,NA,NA,NA,NA,NA,NA,955.36,207.72,NA,NA,NA,NA,NA,NA,NA,NA
1992,Queensland,,Total UNFCCC,6303.9,114758.57,1209.18,14.1,570.59,718.5,0.02,NA,NA,NA,NA,NA,NA,NA,NA,NA,NA,NA,NA,NA,0.14,0.02,NA,NA,NA,NA,NA,0,144.56,NA,NA,200.9,1320.16,NA,153752.54,1399.29,192.29,1161.2,114758.57,33857.02,3737.65,45.8,NA,192.29,NA,NA,NA,NA,NA,NA,NA,NA,NA,NA,NA,NA,NA,953.82,207.39,NA,NA,NA,NA,NA,NA,NA,NA
1993,Queensland,,Total UNFCCC,6029.81,109711.28,1181.29,14.35,578.02,693.68,0.02,NA,NA,NA,NA,NA,NA,NA,NA,NA,NA,NA,NA,NA,0.1,0.01,NA,NA,NA,NA,NA,0,150.17,NA,NA,174.19,1144.66,NA,147743.5,1153.46,267.34,836.36,109711.28,33075.99,3802.77,49.76,NA,267.34,NA,NA,NA,NA,NA,NA,NA,NA,NA,NA,NA,NA,NA,686.99,149.37,NA,NA,NA,NA,NA,NA,NA,NA
1994,Queensland,,Total UNFCCC,5393.29,102551.75,1156.02,14.43,554.12,644.76,0.01,0,NA,NA,0,0,0,NA,0,0,0,0,NA,NA,0.07,0.01,NA,NA,NA,NA,NA,0,152.52,0,0,154.16,1013.05,NA,139497.24,752.8,152.82,545.99,102551.75,32368.44,3824.24,53.99,NA,152.45,0.01,NA,NA,0.11,0,0.13,NA,0.11,0,0,0,NA,NA,448.48,97.51,NA,NA,NA,NA,NA,NA,0,0
1995,Queensland,,Total UNFCCC,5302.54,97828.67,1178.51,13.86,547.96,632.58,0.01,0,NA,0,0,0,0.01,NA,0,NA,0,0,NA,NA,0.05,0.01,NA,NA,NA,NA,NA,0,164.35,NA,NA,140.75,924.94,NA,135108.28,607.41,162.76,386.16,97828.67,32998.29,3673.91,58.48,NA,136.72,0.13,NA,0,11.01,0,12.9,NA,1.6,NA,0.39,0,NA,NA,317.19,68.97,NA,NA,NA,NA,NA,NA,NA,NA
1996,Queensland,,Total UNFCCC,5671.79,101077.56,1158.27,14.62,573.51,639.69,0,0,NA,0,0.01,0,0.02,NA,0,NA,0,0,NA,NA,0.04,0.01,NA,NA,NA,NA,NA,0,164.14,NA,NA,131.68,865.32,NA,137857.52,473.75,65.43,355.78,101077.56,32431.51,3874.7,52.54,NA,0.04,0.33,NA,0.01,27.64,0.01,32.41,NA,4.01,NA,0.99,0,NA,NA,292.24,63.54,NA,NA,NA,NA,NA,NA,NA,NA
1997,Queensland,,Total UNFCCC,5896.91,95987.64,1243.57,14.85,591.04,662.65,0,0,NA,0,0.01,0,0.04,NA,0,NA,0,0,NA,NA,0.04,0,NA,NA,NA,NA,NA,0,174.02,NA,NA,141.91,932.54,NA,135212.06,470.06,111.07,309.81,95987.64,34820.08,3934.29,49.18,NA,0.06,0.55,NA,0.02,46.91,0.02,55.01,NA,6.8,NA,1.68,0,NA,NA,254.48,55.33,NA,NA,NA,NA,NA,NA,NA,NA
1998,Queensland,,Total UNFCCC,5726.07,96242.07,1295.11,15.18,607.68,648.26,0,0,NA,0,0.02,0,0.06,NA,0,NA,0,0,NA,NA,0.05,0.01,NA,NA,NA,NA,NA,0,193.54,NA,NA,136.94,899.91,NA,137149.02,620.4,156.68,418.87,96242.07,36263.2,4023.35,44.84,NA,0.09,0.78,NA,0.03,66.18,0.03,77.6,NA,9.59,NA,2.38,0,NA,NA,344.06,74.81,NA,NA,NA,NA,NA,NA,NA,NA
1999,Queensland,,Total UNFCCC,6472.62,107538.44,1298.98,16.28,642.78,719.51,0,0,NA,0,0.03,0,0.09,NA,0,NA,0,0,NA,NA,0.04,0,NA,NA,NA,NA,NA,0,191.05,NA,NA,175.08,1150.54,NA,148788.52,563.6,236.73,287.33,107538.44,36371.34,4315.15,39.53,NA,0.14,1.18,NA,0.04,99.99,0.04,117.26,NA,14.49,NA,3.59,0,NA,NA,236.02,51.32,NA,NA,NA,NA,NA,NA,NA,NA
2000,Queensland,,Total UNFCCC,6940.72,105050.94,1415.63,17.35,679.46,758.26,0,0,NA,0,0.04,0,0.11,NA,0,NA,0,0,NA,NA,0.04,0.01,NA,NA,NA,NA,NA,0,181.34,NA,NA,185.08,1216.23,NA,149932.23,645.43,280.6,324.67,105050.94,39637.65,4598.21,40.16,NA,0.16,1.4,NA,0.05,118.52,0.05,138.99,NA,17.18,NA,4.25,0,NA,NA,266.68,57.98,NA,NA,NA,NA,NA,NA,NA,NA
2001,Queensland,,Total UNFCCC,6654.23,125060.01,1384.44,17.75,696.22,740.49,0,0,NA,0,0.05,0,0.15,NA,0.01,NA,0,0,NA,NA,0.06,0.01,NA,NA,NA,NA,NA,0,196.83,NA,NA,190.31,1250.58,NA,169416.9,889.63,393.08,454.53,125060.01,38764.35,4702.91,42.02,NA,0.23,1.96,NA,0.07,166.03,0.07,194.69,NA,24.06,NA,5.96,0,NA,NA,373.36,81.18,NA,NA,NA,NA,NA,NA,NA,NA
2002,Queensland,,Total UNFCCC,7180.02,127847.9,1395.04,19.21,762.66,794.81,0,0,NA,0,0.06,0,0.18,NA,0.01,NA,0,0,NA,NA,0.05,0.01,NA,NA,NA,NA,NA,0,201.58,NA,NA,203.49,1337.17,NA,172956.64,956.24,476.86,435.8,127847.9,39061.05,5091.44,43.58,NA,0.28,2.38,NA,0.09,201.42,0.08,236.2,NA,29.19,NA,7.23,0,NA,NA,357.97,77.83,NA,NA,NA,NA,NA,NA,NA,NA
2003,Queensland,,Total UNFCCC,6641.29,126267,1328.29,18.45,776.22,733.63,0,0,NA,0,0.08,0,0.24,NA,0.01,NA,0,0,NA,NA,0.05,0.01,NA,NA,NA,NA,NA,0,208.28,NA,NA,157.67,1036.11,NA,169435.93,1086.63,616.91,424.79,126267,37192.04,4890.26,44.92,NA,0.36,3.07,NA,0.11,260.58,0.1,305.56,NA,37.77,NA,9.35,0,NA,NA,348.93,75.87,NA,NA,NA,NA,NA,NA,NA,NA
2004,Queensland,,Total UNFCCC,6166.82,126374.64,1352.88,18.99,765.7,697.53,0,0.01,NA,0,0.1,0,0.27,NA,0.01,NA,0,0,NA,NA,0.05,0.01,NA,NA,NA,NA,NA,0,199.23,NA,NA,147.17,967.1,NA,170478.07,1191.79,713.84,432.33,126374.64,37880.58,5031.06,45.63,NA,0.42,3.56,NA,0.13,301.52,0.12,353.57,NA,43.7,NA,10.82,0,NA,NA,355.12,77.21,NA,NA,NA,NA,NA,NA,NA,NA
2005,Queensland,,Total UNFCCC,6553.44,143842.17,1434.8,19.6,808.25,722.73,NA,0.01,NA,NA,0.06,0,0.26,NA,0.07,0,0,0,NA,NA,0.06,0.01,NA,NA,NA,NA,NA,0,207.91,0.01,0,189.74,1246.87,NA,190625.43,1414.07,922.92,451.97,143842.17,40174.46,5194.74,39.18,NA,NA,3.69,NA,NA,202.65,0.13,341.59,NA,328.71,0.69,9,30.26,NA,NA,371.25,80.72,NA,NA,NA,NA,NA,NA,5.04,1.18
2006,Queensland,,Total UNFCCC,6656.18,141566.26,1394.41,19.35,829.2,772.92,NA,0.01,NA,NA,0.06,0,0.27,NA,0.07,0.01,0,0,NA,NA,0.02,0,NA,NA,NA,NA,NA,0,216.24,0.01,0,185.32,1217.81,NA,186844.34,1105.79,894.96,173.31,141566.26,39043.36,5128.94,37.51,NA,NA,6.07,NA,NA,197.17,0.15,345.48,NA,319.89,0.8,8.12,8.26,NA,NA,142.36,30.95,NA,NA,NA,NA,NA,NA,5.43,3.59
2007,Queensland,,Total UNFCCC,6313.73,141209.4,1431.69,19.13,839.22,692.77,0.01,0.02,NA,NA,0.07,0,0.26,NA,0.07,0.01,0,0,NA,NA,0.02,0,NA,NA,NA,NA,NA,0,214.3,0.01,0,166.65,1095.09,NA,187570.39,1205.58,1022.83,146.98,141209.4,40087.26,5068.15,35.77,NA,92.14,11.22,NA,NA,228.78,0.15,336.29,NA,328.11,1,9.34,7.17,NA,NA,120.73,26.25,NA,NA,NA,NA,NA,NA,4.7,3.92
2008,Queensland,,Total UNFCCC,6184.75,134647.05,1475.8,20.37,840.76,663.88,0.01,0.02,NA,NA,0.08,0,0.25,NA,0.07,0.01,0,0,NA,NA,0.01,0,NA,NA,NA,NA,NA,0,216.15,0,0.01,137.25,901.93,NA,182543.55,1174.83,1029.34,112.13,134647.05,41322.31,5399.35,33.36,NA,92.98,11.82,NA,NA,245.35,0.17,323.82,NA,326.84,0.91,11.16,6.8,NA,NA,92.11,20.03,NA,NA,NA,NA,NA,NA,3.64,5.86
2009,Queensland,,Total UNFCCC,5809.56,129441.46,1476.79,20.76,843.84,625.71,0.01,0.02,NA,NA,0.1,0,0.3,NA,0.09,0.01,0.01,0,NA,NA,0.01,0,NA,NA,NA,NA,NA,0,211.78,0,0.01,120.1,730.42,209.26,177639.72,1347.26,1260.91,56.09,129441.46,41350.19,5500.81,30.26,NA,97.66,15.91,NA,NA,305.72,0.19,387.98,NA,414.53,0.98,18.6,7.66,NA,NA,46.64,9.45,NA,NA,NA,NA,NA,NA,4.1,7.57
2010,Queensland,,Total UNFCCC,6026.23,130138.53,1489.6,19.98,855.21,639.34,0.01,0.03,NA,NA,0.1,0,0.3,NA,0.08,0.01,0.01,0,NA,NA,0,0,NA,NA,NA,NA,NA,0,206.74,0.01,0.01,108.24,638.11,207.52,178462.75,1319.98,1254.59,38.34,130138.53,41708.86,5295.38,27.05,NA,87.02,18.68,NA,NA,307.97,0.26,392.83,NA,403.19,1.15,18.97,9.26,NA,NA,31.88,6.46,NA,NA,NA,NA,NA,NA,5.38,9.88
2011,Queensland,,Total UNFCCC,6561.35,115535.22,1535.4,19.91,865.2,665.45,0.01,0.03,NA,NA,0.11,0,0.35,NA,0.08,0.01,0.01,0,NA,NA,0.01,0,NA,NA,NA,NA,NA,0,192.87,0.01,0.01,101.75,592.14,257.14,165228.01,1424.21,1359.52,40.26,115535.22,42991.13,5277.44,24.43,NA,95.04,23.04,NA,NA,346.25,0.3,452.44,NA,397.23,1.28,16.95,8.57,NA,NA,33.54,6.72,NA,NA,NA,NA,NA,NA,8.12,10.29
2012,Queensland,,Total UNFCCC,6461.46,115686.87,1534.07,19.83,920.25,673.3,0.01,0.03,NA,NA,0.1,0,0.31,NA,0.09,0.01,0,0,NA,NA,0.01,0,NA,NA,NA,NA,NA,0,188.46,0.01,0.01,101.26,573.35,267.1,165259.63,1362.83,1290.45,48.55,115686.87,42954.09,5255.84,23.82,NA,93.14,22.67,NA,NA,315.92,0.3,401.89,NA,419.45,1.75,11.06,7.01,NA,NA,40.37,8.19,NA,NA,NA,NA,NA,NA,7.95,9.33
2013,Queensland,,Total UNFCCC,6208.59,114379.71,1578.37,17.85,942.33,658.75,0.01,0.04,NA,NA,0.11,0,0.31,NA,0.1,0.01,0.01,0,NA,NA,0,0,NA,NA,NA,NA,NA,0,190.05,0.01,0.01,101.56,574.09,325.12,164796.03,1491.3,1435.79,33.07,114379.71,44194.34,4730.67,22.44,NA,104.81,23.78,NA,NA,359.53,0.34,408.56,NA,489.05,1.83,24.34,5.29,NA,NA,28.16,4.91,NA,NA,NA,NA,NA,NA,9,9.23
2014,Queensland,,Total UNFCCC,6421.61,109795.93,1550.31,18.12,948.88,684.85,0.01,0.06,NA,NA,0.14,0,0.37,NA,0.1,0.01,0.01,0,NA,NA,0,0,NA,NA,NA,NA,NA,0,183.3,0.01,0.01,110.48,627.32,359.69,159609.39,1603.73,1550.01,31.86,109795.93,43408.81,4800.91,21.86,NA,77.32,40.01,NA,NA,444.11,0.33,481.32,NA,460.1,1.91,19.32,3.82,NA,NA,27.13,4.73,NA,NA,NA,NA,NA,NA,12.8,8.97
2015,Queensland,,Total UNFCCC,5708.56,113411.56,1530.76,17.48,934.07,644.81,0.01,0.07,NA,NA,0.16,0,0.43,NA,0.1,0.02,0.01,0,NA,NA,0,0,NA,NA,NA,NA,NA,0,191.67,0.02,0.01,101.98,575.93,348.4,162706.64,1801.44,1743.83,33.61,113411.56,42861.38,4632.26,24,NA,87.17,45.85,NA,NA,501.52,0.39,558.83,NA,496.53,2.14,21.51,4.27,NA,NA,28.62,4.99,NA,NA,NA,NA,NA,NA,15.5,10.12
2016,Queensland,,Total UNFCCC,4761.28,112365.01,1527.97,17.12,921.38,593.23,0.01,0.07,NA,NA,0.16,0,0.45,NA,0.1,0.02,0,0,NA,NA,0.01,0,NA,NA,NA,NA,NA,0,196.64,0.02,0.01,100.38,557.06,347.37,161502.32,1816.74,1748.29,44.28,112365.01,42783.25,4537.31,24.18,NA,85.74,48.21,NA,NA,506.79,0.46,581.01,NA,476.62,2.25,15.97,5.46,NA,NA,36.82,7.46,NA,NA,NA,NA,NA,NA,15.95,9.83
2017,Queensland,,Total UNFCCC,4712.72,115846.19,1538.61,17.25,946.26,587.8,0.01,0.07,NA,NA,0.16,0,0.45,NA,0.1,0.02,0,0,NA,NA,0,0,NA,NA,NA,NA,NA,0,199.83,0.02,0.01,99.64,558.61,318.78,165327.43,1830.02,1755.82,50.37,115846.19,43081.05,4570.16,23.83,NA,86.11,48.41,NA,NA,508.97,0.46,583.51,NA,478.67,2.26,16.04,5.49,NA,NA,8.29,42.08,NA,NA,NA,NA,NA,NA,16.02,9.88
2018,Queensland,,Total UNFCCC,4374.65,122517.03,1641.81,16.92,995.93,557.61,0.01,0.07,NA,NA,0.15,0,0.44,NA,0.1,0.02,0.01,0,NA,NA,0.01,0,NA,NA,NA,NA,NA,0,203.82,0.02,0.01,93.58,514.97,273.05,174828.09,1855.63,1762.85,62.73,122517.03,45970.72,4484.72,30.05,NA,108.24,45.59,NA,NA,487.23,0.9,573.89,NA,493.83,2.58,18.8,7.54,NA,NA,52.17,10.57,NA,NA,NA,NA,NA,NA,14.71,9.53
2019,Queensland,,Total UNFCCC,4537.56,113950.2,1567.07,17.39,990.86,543.14,0.01,0.08,NA,NA,0.17,0,0.5,NA,0.12,0.02,0.01,0,NA,NA,0,0.01,NA,NA,NA,NA,NA,0,201.85,0.02,0.01,93.6,516.71,277.62,164537.88,2101.88,1986.64,86.91,113950.2,43878.1,4607.7,28.33,NA,121.99,51.38,NA,NA,549.08,1.02,646.75,NA,556.53,2.91,21.19,8.5,NA,NA,14.3,72.61,NA,NA,NA,NA,NA,NA,16.58,10.73
1990,South Australia,,Total UNFCCC,720.3,25622.27,361.98,5.95,112.23,143.19,0.01,NA,NA,NA,NA,NA,NA,NA,NA,NA,NA,NA,NA,NA,NA,NA,NA,NA,NA,NA,NA,0,20.58,NA,NA,12.13,79.69,NA,37452.9,119.57,100.44,NA,25622.27,10135.46,1575.6,19.13,NA,100.44,NA,NA,NA,NA,NA,NA,NA,NA,NA,NA,NA,NA,NA,NA,NA,NA,NA,NA,NA,NA,NA,NA,NA
1991,South Australia,,Total UNFCCC,618.96,20373.23,339.75,5.61,103.51,129.54,0.01,NA,NA,NA,NA,NA,NA,NA,NA,NA,NA,NA,NA,NA,NA,NA,NA,NA,NA,NA,NA,0,19.46,NA,NA,7.54,49.56,NA,31493.93,120.68,100.01,NA,20373.23,9513.11,1486.91,20.67,NA,100.01,NA,NA,NA,NA,NA,NA,NA,NA,NA,NA,NA,NA,NA,NA,NA,NA,NA,NA,NA,NA,NA,NA,NA
1992,South Australia,,Total UNFCCC,600.04,18198.83,335.84,5.57,111.34,126.56,0.01,NA,NA,NA,NA,NA,NA,NA,NA,NA,NA,NA,NA,NA,NA,NA,NA,NA,NA,NA,NA,0,22.74,NA,NA,4.89,32.11,NA,29193.37,115.42,93.22,NA,18198.83,9403.59,1475.52,22.2,NA,93.22,NA,NA,NA,NA,NA,NA,NA,NA,NA,NA,NA,NA,NA,NA,NA,NA,NA,NA,NA,NA,NA,NA,NA
1993,South Australia,,Total UNFCCC,605.77,19968,327.03,5.7,112.58,124.98,0.01,NA,NA,NA,NA,NA,NA,NA,NA,NA,NA,NA,NA,NA,NA,NA,NA,NA,NA,NA,NA,0,22.26,NA,NA,5,32.88,NA,30785.63,150.81,127.14,NA,19968,9156.8,1510.01,23.67,NA,127.14,NA,NA,NA,NA,NA,NA,NA,NA,NA,NA,NA,NA,NA,NA,NA,NA,NA,NA,NA,NA,NA,NA,NA
1994,South Australia,,Total UNFCCC,572.83,18227.13,315.3,5.66,110.71,121.49,0.01,0,NA,NA,0,0,0,NA,0,0,0,0,NA,NA,NA,NA,NA,NA,NA,NA,NA,0,19.98,0,0,2.79,18.31,NA,28650.45,96.15,71.05,NA,18227.13,8828.53,1498.64,25.1,NA,70.88,0.01,NA,NA,0.05,0,0.06,NA,0.05,0,0,0,NA,NA,NA,NA,NA,NA,NA,NA,NA,NA,0,0
1995,South Australia,,Total UNFCCC,546.57,15949.62,321.36,5.25,105.08,117.95,0.01,0,NA,0,0,0,0,NA,0,NA,0,0,NA,NA,NA,NA,NA,NA,NA,NA,NA,0,19.91,NA,NA,2.86,18.83,NA,26440.16,100.74,74.11,NA,15949.62,8998,1391.8,26.63,NA,62.25,0.06,NA,0,5.01,0,5.88,NA,0.73,NA,0.18,0,NA,NA,NA,NA,NA,NA,NA,NA,NA,NA,NA,NA
1996,South Australia,,Total UNFCCC,563.48,17149.81,309.71,5.72,107.95,114.6,0,0,NA,0,0,0,0.01,NA,0,NA,0,0,NA,NA,NA,NA,NA,NA,NA,NA,NA,0,19.07,NA,NA,2.25,14.76,NA,27388.81,52.54,29.14,NA,17149.81,8671.89,1514.57,23.4,NA,0.02,0.15,NA,0.01,12.31,0,14.43,NA,1.78,NA,0.44,0,NA,NA,NA,NA,NA,NA,NA,NA,NA,NA,NA,NA
1997,South Australia,,Total UNFCCC,585.57,17666.5,308.25,5.91,111.12,114.61,0,0,NA,0,0.01,0,0.02,NA,0,NA,0,0,NA,NA,NA,NA,NA,NA,NA,NA,NA,0,28.1,NA,NA,2.74,18.02,NA,27933.26,70.3,48.72,NA,17666.5,8631.09,1565.37,21.57,NA,0.03,0.24,NA,0.01,20.58,0.01,24.13,NA,2.98,NA,0.74,0,NA,NA,NA,NA,NA,NA,NA,NA,NA,NA,NA,NA
1998,South Australia,,Total UNFCCC,585.6,16536.36,307.1,5.97,112.79,116.33,0,0,NA,0,0.01,0,0.03,NA,0,NA,0,0,NA,NA,NA,NA,NA,NA,NA,NA,NA,0,18.93,NA,NA,2.66,17.46,NA,26805.77,87.46,68,NA,16536.36,8598.75,1583.2,19.46,NA,0.04,0.34,NA,0.01,28.72,0.01,33.68,NA,4.16,NA,1.03,0,NA,NA,NA,NA,NA,NA,NA,NA,NA,NA,NA,NA
1999,South Australia,,Total UNFCCC,668.41,19056.44,299.25,6.25,118.52,118.76,0,0,NA,0,0.01,0,0.04,NA,0,NA,0,0,NA,NA,NA,NA,NA,NA,NA,NA,NA,0,20.41,NA,NA,2.89,19.02,NA,29210.73,118.82,101.82,NA,19056.44,8379.11,1656.36,17,NA,0.06,0.51,NA,0.02,43.01,0.02,50.43,NA,6.23,NA,1.54,0,NA,NA,NA,NA,NA,NA,NA,NA,NA,NA,NA,NA
2000,South Australia,,Total UNFCCC,613.68,17051.87,304.57,5.69,118.06,113.66,0,0,NA,0,0.02,0,0.05,NA,0,NA,0,0,NA,NA,NA,NA,NA,NA,NA,NA,NA,0,21.37,NA,NA,3.02,19.86,NA,27224.21,136.49,119.4,NA,17051.87,8528.06,1507.79,17.09,NA,0.07,0.6,NA,0.02,50.43,0.02,59.14,NA,7.31,NA,1.81,0,NA,NA,NA,NA,NA,NA,NA,NA,NA,NA,NA,NA
2001,South Australia,,Total UNFCCC,649.89,19402.56,300.19,6.26,126.13,116.41,0,0,NA,0,0.02,0,0.06,NA,0,NA,0,0,NA,NA,NA,NA,NA,NA,NA,NA,NA,0,21.88,NA,NA,3.48,22.89,NA,29648.62,182.64,165,NA,19402.56,8405.26,1658.16,17.64,NA,0.1,0.82,NA,0.03,69.7,0.03,81.73,NA,10.1,NA,2.5,0,NA,NA,NA,NA,NA,NA,NA,NA,NA,NA,NA,NA
2002,South Australia,,Total UNFCCC,646.61,19767.06,312.34,6.33,125.69,116.04,0,0,NA,0,0.03,0,0.08,NA,0,NA,0,0,NA,NA,NA,NA,NA,NA,NA,NA,NA,0,21.24,NA,NA,3.97,26.09,NA,30404.63,214.98,196.98,NA,19767.06,8745.56,1677.03,18,NA,0.12,0.98,NA,0.04,83.2,0.03,97.57,NA,12.06,NA,2.99,0,NA,NA,NA,NA,NA,NA,NA,NA,NA,NA,NA,NA
2003,South Australia,,Total UNFCCC,586.29,21702.23,305.22,5.81,135.87,111.8,0,0,NA,0,0.03,0,0.1,NA,0,NA,0,0,NA,NA,NA,NA,NA,NA,NA,NA,NA,0,22.28,NA,NA,3.37,22.11,NA,32057.29,268.03,249.84,NA,21702.23,8546.21,1540.81,18.19,NA,0.15,1.25,NA,0.05,105.53,0.04,123.75,NA,15.3,NA,3.79,0,NA,NA,NA,NA,NA,NA,NA,NA,NA,NA,NA,NA
2004,South Australia,,Total UNFCCC,522.35,21078.77,291.06,6.33,134.02,104.07,0,0,NA,0,0.04,0,0.11,NA,0,NA,0,0,NA,NA,NA,NA,NA,NA,NA,NA,NA,0,21.03,NA,NA,3.62,23.82,NA,31209.9,302.87,284.67,NA,21078.77,8149.68,1678.57,18.2,NA,0.17,1.42,NA,0.05,120.24,0.05,141,NA,17.43,NA,4.32,0,NA,NA,NA,NA,NA,NA,NA,NA,NA,NA,NA,NA
2005,South Australia,,Total UNFCCC,474.81,25730.3,283.76,5.96,130.57,103.97,NA,0,NA,NA,0.03,0,0.1,NA,0.03,0,0,0,NA,NA,NA,NA,NA,NA,NA,NA,NA,0,22.23,0,0,4.83,31.77,NA,35631.7,377.5,362.13,NA,25730.3,7945.32,1578.57,15.37,NA,NA,1.45,NA,NA,79.51,0.05,134.03,NA,128.97,0.27,3.53,11.87,NA,NA,NA,NA,NA,NA,NA,NA,NA,NA,1.98,0.46
2006,South Australia,,Total UNFCCC,517.54,24103.07,269.22,6.28,128.8,108.38,NA,0,NA,NA,0.02,0,0.1,NA,0.03,0,0,0,NA,NA,NA,NA,NA,NA,NA,NA,NA,0,21.8,0,0,5.3,34.81,NA,33666.52,360.38,345.88,NA,24103.07,7538.15,1664.91,14.5,NA,NA,2.35,NA,NA,76.2,0.06,133.52,NA,123.63,0.31,3.14,3.19,NA,NA,NA,NA,NA,NA,NA,NA,NA,NA,2.1,1.39
2007,South Australia,,Total UNFCCC,451.89,26449.08,261.92,5.6,124.23,106.41,0,0.01,NA,NA,0.03,0,0.1,NA,0.03,0,0,0,NA,NA,NA,NA,NA,NA,NA,NA,NA,0,22.69,0,0,6.19,40.65,NA,35669.73,403.69,390.05,NA,26449.08,7333.71,1483.25,13.64,NA,35.14,4.28,NA,NA,87.24,0.06,128.24,NA,125.12,0.38,3.56,2.74,NA,NA,NA,NA,NA,NA,NA,NA,NA,NA,1.79,1.49
2008,South Australia,,Total UNFCCC,404.39,24191.74,247.47,5.57,125.06,101.46,0,0.01,NA,NA,0.03,0,0.09,NA,0.03,0,0,0,NA,NA,NA,NA,NA,NA,NA,NA,NA,0,22.39,0,0,3.82,25.11,NA,33001.12,405.25,392.53,NA,24191.74,6929.07,1475.06,12.72,NA,35.46,4.51,NA,NA,93.56,0.07,123.49,NA,124.64,0.35,4.26,2.59,NA,NA,NA,NA,NA,NA,NA,NA,NA,NA,1.39,2.24
2009,South Australia,,Total UNFCCC,384.95,19470.51,232.72,5.62,121.77,95.84,0,0.01,NA,NA,0.04,0,0.11,NA,0.03,0,0,0,NA,NA,NA,NA,NA,NA,NA,NA,NA,0,22,0,0,7.49,32.75,22.06,27955.19,478.51,467.29,NA,19470.51,6516.18,1490,11.22,NA,36.19,5.9,NA,NA,113.3,0.07,143.79,NA,153.63,0.36,6.89,2.84,NA,NA,NA,NA,NA,NA,NA,NA,NA,NA,1.52,2.81
2010,South Australia,,Total UNFCCC,426.87,14489.67,227.6,5.9,116.37,96.9,0,0.01,NA,NA,0.04,0,0.11,NA,0.03,0,0,0,NA,NA,NA,NA,NA,NA,NA,NA,NA,0,20.71,0,0,7.72,34.69,23.66,22893.43,466.95,457.1,NA,14489.67,6372.72,1564.09,9.85,NA,31.7,6.81,NA,NA,112.21,0.1,143.12,NA,146.9,0.42,6.91,3.37,NA,NA,NA,NA,NA,NA,NA,NA,NA,NA,1.96,3.6
2011,South Australia,,Total UNFCCC,422.89,10690.86,238.96,6.58,122.37,91.05,0,0.01,NA,NA,0.04,0,0.13,NA,0.03,0,0,0,NA,NA,NA,NA,NA,NA,NA,NA,NA,0,18.83,0,0,6.8,27.22,26.8,19629.07,504.44,495.53,NA,10690.86,6690.95,1742.82,8.91,NA,34.64,8.4,NA,NA,126.21,0.11,164.91,NA,144.79,0.47,6.18,3.12,NA,NA,NA,NA,NA,NA,NA,NA,NA,NA,2.96,3.75
2012,South Australia,,Total UNFCCC,409.94,13412.03,244.03,6.12,128.71,94.17,0,0.01,NA,NA,0.04,0,0.11,NA,0.03,0,0,0,NA,NA,NA,NA,NA,NA,NA,NA,NA,0,18.35,0,0,6.81,26.16,30.49,22344.63,476.8,468.16,NA,13412.03,6832.78,1623.02,8.64,NA,33.79,8.22,NA,NA,114.61,0.11,145.8,NA,152.17,0.63,4.01,2.54,NA,NA,NA,NA,NA,NA,NA,NA,NA,NA,2.88,3.38
2013,South Australia,,Total UNFCCC,417.88,14867.29,249.56,6.19,129.73,97.9,0,0.01,NA,NA,0.04,0,0.11,NA,0.04,0,0,0,NA,NA,NA,NA,NA,NA,NA,NA,NA,0,18.13,0,0,7.2,28.66,34.46,24018.26,523.2,515.15,NA,14867.29,6987.7,1640.06,8.05,NA,37.61,8.53,NA,NA,129,0.12,146.59,NA,175.47,0.66,8.73,1.9,NA,NA,NA,NA,NA,NA,NA,NA,NA,NA,3.23,3.31
2014,South Australia,,Total UNFCCC,421,17202.47,248.28,6.65,132.67,102.74,0,0.02,NA,NA,0.05,0,0.13,NA,0.03,0,0,0,NA,NA,NA,NA,NA,NA,NA,NA,NA,0,17.06,0.01,0,8.33,35.41,36.15,26476.92,560.22,552.43,NA,17202.47,6951.8,1762.43,7.79,NA,27.56,14.26,NA,NA,158.28,0.12,171.54,NA,163.98,0.68,6.89,1.36,NA,NA,NA,NA,NA,NA,NA,NA,NA,NA,4.56,3.2
2015,South Australia,,Total UNFCCC,350.14,17884.06,236.72,6.34,128.18,99.45,0,0.02,NA,NA,0.06,0,0.15,NA,0.04,0.01,0,0,NA,NA,NA,NA,NA,NA,NA,NA,NA,0,18.03,0.01,0,7.53,29.77,30.58,26818.24,626.82,618.31,NA,17884.06,6628.17,1679.19,8.51,NA,30.91,16.26,NA,NA,177.82,0.14,198.14,NA,176.05,0.76,7.63,1.51,NA,NA,NA,NA,NA,NA,NA,NA,NA,NA,5.49,3.59
2016,South Australia,,Total UNFCCC,259.21,14206.48,240.2,6.22,128.83,94.2,0,0.03,NA,NA,0.06,0,0.16,NA,0.03,0.01,0,0,NA,NA,NA,NA,NA,NA,NA,NA,NA,0,17.68,0.01,0,6.6,24.33,23.24,23204.38,623.14,614.64,NA,14206.48,6725.63,1649.12,8.5,NA,30.15,16.95,NA,NA,178.17,0.16,204.26,NA,167.56,0.79,5.61,1.92,NA,NA,NA,NA,NA,NA,NA,NA,NA,NA,5.61,3.46
2017,South Australia,,Total UNFCCC,275.66,11698.42,251.67,7.07,128.52,89.81,0,0.02,NA,NA,0.06,0,0.16,NA,0.03,0.01,0,0,NA,NA,NA,NA,NA,NA,NA,NA,NA,0,13.87,0.01,0,6.46,23.05,26.26,21238.3,619.4,611.1,NA,11698.42,7046.7,1873.78,8.29,NA,29.97,16.85,NA,NA,177.15,0.16,203.09,NA,166.6,0.79,5.58,1.91,NA,NA,NA,NA,NA,NA,NA,NA,NA,NA,5.57,3.44
2018,South Australia,,Total UNFCCC,252.41,15318.46,238.37,6.37,116.7,83.02,0,0.02,NA,NA,0.05,0,0.15,NA,0.04,0.01,0,0,NA,NA,NA,NA,NA,NA,NA,NA,NA,0,13.01,0.01,0,6.34,20.82,25.92,24299.57,618.58,608.21,NA,15318.46,6674.26,1688.27,10.37,NA,37.35,15.73,NA,NA,168.1,0.31,198,NA,170.38,0.89,6.49,2.6,NA,NA,NA,NA,NA,NA,NA,NA,NA,NA,5.08,3.29
2019,South Australia,,Total UNFCCC,248.71,15506.07,218.39,6.05,109.71,76.57,0,0.03,NA,NA,0.06,0,0.17,NA,0.04,0.01,0,0,NA,NA,NA,NA,NA,NA,NA,NA,NA,0,13.55,0.01,0,5.91,17.61,25.79,23918.67,693.35,683.6,NA,15506.07,6115.02,1604.23,9.75,NA,41.98,17.68,NA,NA,188.94,0.35,222.55,NA,191.5,1,7.29,2.92,NA,NA,NA,NA,NA,NA,NA,NA,NA,NA,5.71,3.69
1990,Tasmania,,Total UNFCCC,729.89,14901.4,135.21,2.02,46.18,102.33,0,NA,NA,NA,NA,NA,NA,NA,NA,NA,NA,NA,NA,NA,0.05,0.01,NA,NA,NA,NA,NA,0,18.61,NA,NA,34.53,226.91,NA,19635.66,412.4,32.3,373.95,14901.4,3785.81,536.06,6.15,NA,32.3,NA,NA,NA,NA,NA,NA,NA,NA,NA,NA,NA,NA,NA,307.16,66.79,NA,NA,NA,NA,NA,NA,NA,NA
1991,Tasmania,,Total UNFCCC,869.6,18334.46,141.89,2.11,48.97,119.12,0,NA,NA,NA,NA,NA,NA,NA,NA,NA,NA,NA,NA,NA,0.05,0.01,NA,NA,NA,NA,NA,0,21.41,NA,NA,45.07,296.19,NA,23279.41,413.21,32.29,374.25,18334.46,3973.02,558.72,6.67,NA,32.29,NA,NA,NA,NA,NA,NA,NA,NA,NA,NA,NA,NA,NA,307.41,66.84,NA,NA,NA,NA,NA,NA,NA,NA
1992,Tasmania,,Total UNFCCC,700.58,14439.38,130.22,2.05,43.79,98.24,0,NA,NA,NA,NA,NA,NA,NA,NA,NA,NA,NA,NA,NA,0.05,0.01,NA,NA,NA,NA,NA,0,8.03,NA,NA,32.86,215.94,NA,19038.92,410.9,30.09,373.64,14439.38,3646.04,542.6,7.17,NA,30.09,NA,NA,NA,NA,NA,NA,NA,NA,NA,NA,NA,NA,NA,306.91,66.73,NA,NA,NA,NA,NA,NA,NA,NA
1993,Tasmania,,Total UNFCCC,689.72,13129.15,130.81,2.06,44.29,96.36,0,NA,NA,NA,NA,NA,NA,NA,NA,NA,NA,NA,NA,NA,0.03,0,NA,NA,NA,NA,NA,0,8.21,NA,NA,31.55,207.3,NA,17655.04,317.81,41.05,269.12,13129.15,3662.68,545.39,7.64,NA,41.05,NA,NA,NA,NA,NA,NA,NA,NA,NA,NA,NA,NA,NA,221.05,48.06,NA,NA,NA,NA,NA,NA,NA,NA
1994,Tasmania,,Total UNFCCC,637.76,12898.36,127.99,2.08,43.86,89.57,0,0,NA,NA,0,0,0,NA,0,0,0,0,NA,NA,0.02,0,NA,NA,NA,NA,NA,0,8.56,0,0,27.98,183.87,NA,17240.67,206.73,22.94,175.68,12898.36,3583.61,551.97,8.1,NA,22.88,0,NA,NA,0.02,0,0.02,NA,0.02,0,0,0,NA,NA,144.31,31.38,NA,NA,NA,NA,NA,NA,0,0
1995,Tasmania,,Total UNFCCC,674.73,13392.04,125.81,2.02,46.08,93.29,0,0,NA,0,0,0,0,NA,0,NA,0,0,NA,NA,0.02,0,NA,NA,NA,NA,NA,0,8.32,NA,NA,30.78,202.29,NA,17606.79,156.75,23.91,124.26,13392.04,3522.55,535.45,8.59,NA,20.08,0.02,NA,0,1.62,0,1.9,NA,0.23,NA,0.06,0,NA,NA,102.06,22.19,NA,NA,NA,NA,NA,NA,NA,NA
1996,Tasmania,,Total UNFCCC,644.22,12138.38,126.93,2.14,46.72,88.83,0,0,NA,0,0,0,0,NA,0,NA,0,0,NA,NA,0.01,0,NA,NA,NA,NA,NA,0,7.88,NA,NA,28.73,188.8,NA,16391.39,131.41,9.39,114.48,12138.38,3554.01,567.59,7.54,NA,0.01,0.05,NA,0,3.97,0,4.65,NA,0.57,NA,0.14,0,NA,NA,94.03,20.45,NA,NA,NA,NA,NA,NA,NA,NA
1997,Tasmania,,Total UNFCCC,631.84,12509.03,126.06,2.1,48.83,86.62,0,0,NA,0,0,0,0.01,NA,0,NA,0,0,NA,NA,0.01,0,NA,NA,NA,NA,NA,0,8.01,NA,NA,27.64,181.65,NA,16717.27,122.25,15.64,99.69,12509.03,3529.65,556.33,6.93,NA,0.01,0.08,NA,0,6.61,0,7.75,NA,0.96,NA,0.24,0,NA,NA,81.88,17.8,NA,NA,NA,NA,NA,NA,NA,NA
1998,Tasmania,,Total UNFCCC,655.46,13215,128.15,2.11,49.05,89.17,0,0,NA,0,0,0,0.01,NA,0,NA,0,0,NA,NA,0.02,0,NA,NA,NA,NA,NA,0,8.13,NA,NA,30.31,199.16,NA,17525.85,162.63,21.65,134.78,13215,3588.15,560.06,6.2,NA,0.01,0.11,NA,0,9.15,0,10.72,NA,1.33,NA,0.33,0,NA,NA,110.71,24.07,NA,NA,NA,NA,NA,NA,NA,NA
1999,Tasmania,,Total UNFCCC,598.04,12508.22,126.53,2.19,48.04,81.7,0,0,NA,0,0,0,0.01,NA,0,NA,0,0,NA,NA,0.01,0,NA,NA,NA,NA,NA,0,9.6,NA,NA,26.75,175.81,NA,16760.09,130,32.17,92.46,12508.22,3542.72,579.16,5.37,NA,0.02,0.16,NA,0.01,13.59,0.01,15.93,NA,1.97,NA,0.49,0,NA,NA,75.94,16.51,NA,NA,NA,NA,NA,NA,NA,NA
2000,Tasmania,,Total UNFCCC,659.03,15630.13,119.4,2.13,49.77,88.81,0,0,NA,0,0,0,0.01,NA,0,NA,0,0,NA,NA,0.01,0,NA,NA,NA,NA,NA,0,9.49,NA,NA,31.65,208.02,NA,19684.52,147.32,37.48,104.47,15630.13,3343.12,563.95,5.36,NA,0.02,0.19,NA,0.01,15.83,0.01,18.57,NA,2.29,NA,0.57,0,NA,NA,85.81,18.66,NA,NA,NA,NA,NA,NA,NA,NA
2001,Tasmania,,Total UNFCCC,639.15,16312.87,120.33,2.21,51.6,87.17,0,0,NA,0,0.01,0,0.02,NA,0,NA,0,0,NA,NA,0.02,0,NA,NA,NA,NA,NA,0,10.33,NA,NA,29.74,195.44,NA,20470.25,203.35,51.58,146.26,16312.87,3369.2,584.83,5.51,NA,0.03,0.26,NA,0.01,21.79,0.01,25.55,NA,3.16,NA,0.78,0,NA,NA,120.14,26.12,NA,NA,NA,NA,NA,NA,NA,NA
2002,Tasmania,,Total UNFCCC,597.22,13733.6,114.39,2.23,54.18,82.6,0,0,NA,0,0.01,0,0.02,NA,0,NA,0,0,NA,NA,0.02,0,NA,NA,NA,NA,NA,0,10.56,NA,NA,27.93,183.55,NA,17734.14,207.21,61.37,140.23,13733.6,3202.8,590.52,5.61,NA,0.04,0.31,NA,0.01,25.92,0.01,30.4,NA,3.76,NA,0.93,0,NA,NA,115.18,25.04,NA,NA,NA,NA,NA,NA,NA,NA
2003,Tasmania,,Total UNFCCC,646.59,17744.71,120.6,2.34,43.94,88.51,0,0,NA,0,0.01,0,0.03,NA,0,NA,0,0,NA,NA,0.02,0,NA,NA,NA,NA,NA,0,9.85,NA,NA,33,216.82,NA,21961.59,220.26,77.9,136.69,17744.71,3376.74,619.88,5.67,NA,0.05,0.39,NA,0.01,32.9,0.01,38.58,NA,4.77,NA,1.18,0,NA,NA,112.28,24.41,NA,NA,NA,NA,NA,NA,NA,NA
2004,Tasmania,,Total UNFCCC,625.82,15086.22,118.47,2.26,46.7,87.78,0,0,NA,0,0.01,0,0.03,NA,0,NA,0,0,NA,NA,0.02,0,NA,NA,NA,NA,NA,0,9.73,NA,NA,32.16,211.36,NA,19235.23,234.04,89.23,139.11,15086.22,3317.04,597.93,5.7,NA,0.05,0.44,NA,0.02,37.69,0.01,44.2,NA,5.46,NA,1.35,0,NA,NA,114.27,24.84,NA,NA,NA,NA,NA,NA,NA,NA
2005,Tasmania,,Total UNFCCC,621.87,15197.39,117.23,2.27,48.66,88.27,NA,0,NA,NA,0.01,0,0.03,NA,0.01,0,0,0,NA,NA,0.02,0,NA,NA,NA,NA,NA,0,9.87,0,0,33.03,217.08,NA,19346.77,264.24,113.97,145.43,15197.39,3282.51,602.64,4.84,NA,NA,0.46,NA,NA,25.02,0.02,42.18,NA,40.59,0.09,1.11,3.74,NA,NA,119.46,25.97,NA,NA,NA,NA,NA,NA,0.62,0.15
2006,Tasmania,,Total UNFCCC,577.05,12496.52,116.02,2.33,47.66,83.03,NA,0,NA,NA,0.01,0,0.03,NA,0.01,0,0,0,NA,NA,0.01,0,NA,NA,NA,NA,NA,0,10.1,0,0,27.58,181.27,NA,16530.86,169.31,108.98,55.77,12496.52,3248.57,616.46,4.57,NA,NA,0.74,NA,NA,24.01,0.02,42.07,NA,38.95,0.1,0.99,1.01,NA,NA,45.81,9.96,NA,NA,NA,NA,NA,NA,0.66,0.44
2007,Tasmania,,Total UNFCCC,566.37,11852.4,113.34,2.25,48.44,82.47,0,0,NA,NA,0.01,0,0.03,NA,0.01,0,0,0,NA,NA,0.01,0,NA,NA,NA,NA,NA,0,10.52,0,0,27.14,178.38,NA,15794.73,173.26,121.71,47.3,11852.4,3173.63,595.44,4.26,NA,10.96,1.34,NA,NA,27.22,0.02,40.02,NA,39.04,0.12,1.11,0.85,NA,NA,38.85,8.45,NA,NA,NA,NA,NA,NA,0.56,0.47
2008,Tasmania,,Total UNFCCC,602.88,13402.58,107.27,2.2,54.08,87.67,0,0,NA,NA,0.01,0,0.03,NA,0.01,0,0,0,NA,NA,0,0,NA,NA,NA,NA,NA,0,10.74,0,0,29.63,194.69,NA,17150.65,162.53,122.48,36.08,13402.58,3003.68,581.86,3.97,NA,11.06,1.41,NA,NA,29.19,0.02,38.53,NA,38.89,0.11,1.33,0.81,NA,NA,29.64,6.44,NA,NA,NA,NA,NA,NA,0.43,0.7
2009,Tasmania,,Total UNFCCC,545.89,11235.26,106.3,2.24,49.95,82.06,0,0,NA,NA,0.01,0,0.03,NA,0.01,0,0,0,NA,NA,0,0,NA,NA,NA,NA,NA,0,10.55,0,0,26.57,169.84,3.49,14962.93,158.63,146.22,8.91,11235.26,2976.54,592.5,3.51,NA,11.33,1.85,NA,NA,35.45,0.02,44.99,NA,48.07,0.11,2.16,0.89,NA,NA,7.41,1.5,NA,NA,NA,NA,NA,NA,0.48,0.88
2010,Tasmania,,Total UNFCCC,487.55,8301.03,101.78,2.28,47.78,73.15,0,0,NA,NA,0.01,0,0.03,NA,0.01,0,0,0,NA,NA,0,0,NA,NA,NA,NA,NA,0,10.09,0,0,22.75,144.39,2.72,11907.47,153.27,141.1,9.13,8301.03,2849.92,603.25,3.04,NA,9.79,2.1,NA,NA,34.64,0.03,44.18,NA,45.34,0.13,2.13,1.04,NA,NA,7.59,1.54,NA,NA,NA,NA,NA,NA,0.61,1.11
2011,Tasmania,,Total UNFCCC,487.09,7794.25,105.96,2.53,47.34,72.54,0,0,NA,NA,0.01,0,0.04,NA,0.01,0,0,0,NA,NA,0,0,NA,NA,NA,NA,NA,0,9.74,0,0,21.49,135.72,2.67,11595.83,163.15,153.97,6.42,7794.25,2966.98,671.45,2.77,NA,10.76,2.61,NA,NA,39.21,0.03,51.24,NA,44.99,0.14,1.92,0.97,NA,NA,5.33,1.09,NA,NA,NA,NA,NA,NA,0.92,1.17
2012,Tasmania,,Total UNFCCC,355.81,-1408.95,104.74,2.39,43.46,56.42,0,0,NA,NA,0.01,0,0.03,NA,0.01,0,0,0,NA,NA,0,0,NA,NA,NA,NA,NA,0,9.34,0,0,11.56,70.48,3.05,2311.26,155.31,144.81,7.83,-1408.95,2932.75,632.15,2.67,NA,10.45,2.54,NA,NA,35.45,0.03,45.1,NA,47.07,0.2,1.24,0.79,NA,NA,6.51,1.32,NA,NA,NA,NA,NA,NA,0.89,1.05
2013,Tasmania,,Total UNFCCC,336.79,-4045.82,106.57,2.27,44.22,55.08,0,0,NA,NA,0.01,0,0.03,NA,0.01,0,0,0,NA,NA,0,0,NA,NA,NA,NA,NA,0,10.37,0,0,10.11,60.57,2.99,-292.82,168.32,158.22,7.63,-4045.82,2983.95,600.73,2.47,NA,11.55,2.62,NA,NA,39.62,0.04,45.02,NA,53.89,0.2,2.68,0.58,NA,NA,6.49,1.14,NA,NA,NA,NA,NA,NA,0.99,1.02
2014,Tasmania,,Total UNFCCC,357.83,-3760.3,113.47,2.32,44.21,57.87,0,0.01,NA,NA,0.02,0,0.04,NA,0.01,0,0,0,NA,NA,0,0,NA,NA,NA,NA,NA,0,10.1,0,0,12.01,73.64,2.75,209.86,177.75,167.72,7.67,-3760.3,3177.25,615.17,2.37,NA,8.37,4.33,NA,NA,48.05,0.04,52.08,NA,49.78,0.21,2.09,0.41,NA,NA,6.52,1.14,NA,NA,NA,NA,NA,NA,1.38,0.97
2015,Tasmania,,Total UNFCCC,379.89,-4792.08,105.62,2.23,44.79,60.09,0,0.01,NA,NA,0.02,0,0.05,NA,0.01,0,0,0,NA,NA,0,0,NA,NA,NA,NA,NA,0,10.32,0,0,12.39,76.34,2.75,-1047.47,197.28,186.97,7.73,-4792.08,2957.43,589.9,2.57,NA,9.35,4.92,NA,NA,53.77,0.04,59.92,NA,53.24,0.23,2.31,0.46,NA,NA,6.58,1.15,NA,NA,NA,NA,NA,NA,1.66,1.09
2016,Tasmania,,Total UNFCCC,334.39,-5261.87,102.45,2.19,44.25,56.23,0,0.01,NA,NA,0.02,0,0.05,NA,0.01,0,0,0,NA,NA,0,0,NA,NA,NA,NA,NA,0,9.68,0,0,14.05,86.86,2.62,-1622.01,190.83,185.81,2.45,-5261.87,2868.66,580.36,2.57,NA,9.11,5.12,NA,NA,53.86,0.05,61.75,NA,50.66,0.24,1.7,0.58,NA,NA,0.11,2.34,NA,NA,NA,NA,NA,NA,1.69,1.05
2017,Tasmania,,Total UNFCCC,297.24,-5542.13,108.05,2.26,42.77,50.89,0,0.01,NA,NA,0.02,0,0.05,NA,0.01,0,0,0,NA,NA,0,0,NA,NA,NA,NA,NA,0,10.01,0,0,12.9,79.39,2.68,-1697.32,219.99,185.55,31.92,-5542.13,3025.48,599.35,2.52,NA,9.1,5.12,NA,NA,53.79,0.05,61.66,NA,50.58,0.24,1.69,0.58,NA,NA,26.55,5.38,NA,NA,NA,NA,NA,NA,1.69,1.04
2018,Tasmania,,Total UNFCCC,260.17,-6502.79,104.08,2.15,43.09,46.73,0,0.01,NA,NA,0.02,0,0.05,NA,0.01,0,0,0,NA,NA,0,0,NA,NA,NA,NA,NA,0,10.07,0,0,11.14,67.26,2.29,-2824.74,193.01,185.47,4.37,-6502.79,2914.23,570.82,3.16,NA,11.39,4.8,NA,NA,51.26,0.09,60.38,NA,51.96,0.27,1.98,0.79,NA,NA,0.11,4.26,NA,NA,NA,NA,NA,NA,1.55,1
2019,Tasmania,,Total UNFCCC,257.3,-5324.18,102.1,2.13,43.77,44.92,0,0.01,NA,NA,0.02,0,0.05,NA,0.01,0,0,0,NA,NA,0,0,NA,NA,NA,NA,NA,0,9.85,0,0,11.08,66.54,2.44,-1682.7,217.29,208.55,5.76,-5324.18,2858.77,565.42,2.97,NA,12.81,5.39,NA,NA,57.64,0.11,67.89,NA,58.42,0.31,2.22,0.89,NA,NA,0.12,5.65,NA,NA,NA,NA,NA,NA,1.74,1.13
1990,Victoria,,Total UNFCCC,2499.66,83255.52,894.42,11.21,315.41,476.67,0.02,NA,NA,NA,NA,NA,NA,NA,NA,NA,NA,NA,NA,NA,0.14,0.02,NA,NA,NA,NA,NA,0,96.33,NA,NA,43.04,282.83,NA,112769.1,1499.27,306.38,1134.54,83255.52,25043.64,2970.66,58.35,NA,306.38,NA,NA,NA,NA,NA,NA,NA,NA,NA,NA,NA,NA,NA,931.91,202.63,NA,NA,NA,NA,NA,NA,NA,NA
1991,Victoria,,Total UNFCCC,2307.62,86998.34,867.69,11.23,302.63,447.76,0.02,NA,NA,NA,NA,NA,NA,NA,NA,NA,NA,NA,NA,NA,0.14,0.02,NA,NA,NA,NA,NA,0,94.71,NA,NA,33.68,221.32,NA,115773.16,1504.54,305.87,1135.46,86998.34,24295.38,2974.89,63.21,NA,305.87,NA,NA,NA,NA,NA,NA,NA,NA,NA,NA,NA,NA,NA,932.67,202.79,NA,NA,NA,NA,NA,NA,NA,NA
1992,Victoria,,Total UNFCCC,2288.25,81792.5,853.11,11.22,313.16,440.59,0.02,NA,NA,NA,NA,NA,NA,NA,NA,NA,NA,NA,NA,NA,0.14,0.02,NA,NA,NA,NA,NA,0,100.87,NA,NA,26.07,171.31,NA,110140.26,1486.52,285.01,1133.62,81792.5,23887.01,2974.24,67.88,NA,285.01,NA,NA,NA,NA,NA,NA,NA,NA,NA,NA,NA,NA,NA,931.16,202.46,NA,NA,NA,NA,NA,NA,NA,NA
1993,Victoria,,Total UNFCCC,2357.04,80531.29,835.18,11.44,318.06,443.62,0.03,NA,NA,NA,NA,NA,NA,NA,NA,NA,NA,NA,NA,NA,0.1,0.01,NA,NA,NA,NA,NA,0,95.16,NA,NA,26.5,174.15,NA,108226.9,1278.12,389.19,816.49,80531.29,23384.97,3032.53,72.44,NA,389.19,NA,NA,NA,NA,NA,NA,NA,NA,NA,NA,NA,NA,NA,670.67,145.82,NA,NA,NA,NA,NA,NA,NA,NA
1994,Victoria,,Total UNFCCC,2280.64,82512.28,830.84,12.01,308.81,430.38,0.02,0,NA,NA,0,0,0,NA,0,0,0,0,NA,NA,0.07,0.01,NA,NA,NA,NA,NA,0,92.53,0,0,21.43,140.85,NA,109785.88,827.25,217.42,533.02,82512.28,23263.38,3182.96,76.81,NA,216.89,0.02,NA,NA,0.16,0,0.19,NA,0.15,0,0.01,0,NA,NA,437.82,95.2,NA,NA,NA,NA,NA,NA,0.01,0
1995,Victoria,,Total UNFCCC,2256.46,81562.4,855.56,11.52,308.98,424.12,0.02,0,NA,0,0,0,0.01,NA,0,NA,0,0,NA,NA,0.05,0.01,NA,NA,NA,NA,NA,0,95.12,NA,NA,21.2,139.32,NA,109255.75,685.92,227.27,376.99,81562.4,23955.65,3051.78,81.66,NA,190.91,0.18,NA,0.01,15.37,0.01,18.02,NA,2.23,NA,0.55,0,NA,NA,309.66,67.33,NA,NA,NA,NA,NA,NA,NA,NA
1996,Victoria,,Total UNFCCC,2247.78,77023.01,834.18,11.66,315.5,403.43,0,0,NA,0,0.01,0,0.03,NA,0,NA,0,0,NA,NA,0.04,0.01,NA,NA,NA,NA,NA,0,103,NA,NA,18.49,121.53,NA,103980.43,509.45,89.92,347.33,77023.01,23357.05,3090.93,72.2,NA,0.05,0.45,NA,0.02,37.98,0.02,44.54,NA,5.5,NA,1.36,0,NA,NA,285.3,62.03,NA,NA,NA,NA,NA,NA,NA,NA
1997,Victoria,,Total UNFCCC,2170.22,79434.53,833.94,12.04,317.74,396.1,0,0,NA,0,0.02,0,0.06,NA,0,NA,0,0,NA,NA,0.04,0,NA,NA,NA,NA,NA,0,114.15,NA,NA,17.91,117.72,NA,106494.94,520.34,151.02,302.45,79434.53,23350.27,3189.8,66.87,NA,0.09,0.75,NA,0.03,63.79,0.03,74.8,NA,9.25,NA,2.29,0,NA,NA,248.43,54.02,NA,NA,NA,NA,NA,NA,NA,NA
1998,Victoria,,Total UNFCCC,2032.27,86382.91,780.53,11.82,326.24,380.35,0,0,NA,0,0.03,0,0.08,NA,0,NA,0,0,NA,NA,0.05,0.01,NA,NA,NA,NA,NA,0,114.14,NA,NA,17.46,114.74,NA,112051.2,680.76,211.34,408.93,86382.91,21854.74,3132.79,60.49,NA,0.12,1.05,NA,0.04,89.27,0.04,104.68,NA,12.94,NA,3.2,0,NA,NA,335.89,73.03,NA,NA,NA,NA,NA,NA,NA,NA
1999,Victoria,,Total UNFCCC,1913.15,87665.36,776.27,12.09,327.19,358.25,0,0,NA,0,0.04,0,0.12,NA,0,NA,0,0,NA,NA,0.03,0,NA,NA,NA,NA,NA,0,122.36,NA,NA,13.46,88.43,NA,113257.03,651.35,317.78,280.51,87665.36,21735.46,3204.86,53.07,NA,0.19,1.58,NA,0.06,134.23,0.05,157.4,NA,19.45,NA,4.82,0,NA,NA,230.41,50.1,NA,NA,NA,NA,NA,NA,NA,NA
2000,Victoria,,Total UNFCCC,1805.91,91216.43,796.76,13.33,329.75,345.73,0,0,NA,0,0.05,0,0.14,NA,0,NA,0,0,NA,NA,0.04,0.01,NA,NA,NA,NA,NA,0,157.91,NA,NA,13.9,91.37,NA,117802.07,745.13,374.57,316.96,91216.43,22309.34,3531.16,53.61,NA,0.22,1.87,NA,0.07,158.21,0.06,185.53,NA,22.93,NA,5.68,0,NA,NA,260.35,56.61,NA,NA,NA,NA,NA,NA,NA,NA
2001,Victoria,,Total UNFCCC,1771.33,92210.39,803.75,13.96,337.24,345.35,0,0,NA,0,0.07,0,0.2,NA,0.01,NA,0,0,NA,NA,0.05,0.01,NA,NA,NA,NA,NA,0,161.25,NA,NA,15.86,104.23,NA,119437.55,1021.46,521.92,443.74,92210.39,22505.05,3700.65,55.8,NA,0.3,2.6,NA,0.09,220.46,0.09,258.51,NA,31.95,NA,7.91,0,NA,NA,364.49,79.25,NA,NA,NA,NA,NA,NA,NA,NA
2002,Victoria,,Total UNFCCC,1709.66,87973.48,801.93,14.02,330.63,345.49,0,0,NA,0,0.08,0,0.24,NA,0.01,NA,0,0,NA,NA,0.05,0.01,NA,NA,NA,NA,NA,0,159.36,NA,NA,15.63,102.73,NA,115254.75,1110.68,627.85,425.45,87973.48,22453.98,3716.61,57.37,NA,0.37,3.13,NA,0.11,265.2,0.1,310.98,NA,38.44,NA,9.52,0,NA,NA,349.47,75.98,NA,NA,NA,NA,NA,NA,NA,NA
2003,Victoria,,Total UNFCCC,1785.44,96141.74,773.1,13.49,350.43,358.15,0,0.01,NA,0,0.11,0,0.31,NA,0.01,NA,0,0,NA,NA,0.05,0.01,NA,NA,NA,NA,NA,0,172.94,NA,NA,29.88,196.34,NA,122637.45,1274.6,801.53,414.7,96141.74,21646.88,3574.24,58.37,NA,0.47,4,NA,0.14,338.56,0.13,397.01,NA,49.07,NA,12.15,0,NA,NA,340.64,74.07,NA,NA,NA,NA,NA,NA,NA,NA
2004,Victoria,,Total UNFCCC,1894.9,100911.22,771.1,14.55,360.4,371.66,0,0.01,NA,0,0.12,0,0.35,NA,0.01,NA,0,0,NA,NA,0.05,0.01,NA,NA,NA,NA,NA,0,186.98,NA,NA,34.92,229.44,NA,127758.37,1400.63,919.78,422.06,100911.22,21590.75,3855.77,58.79,NA,0.54,4.58,NA,0.17,388.51,0.15,455.58,NA,56.31,NA,13.94,0,NA,NA,346.68,75.38,NA,NA,NA,NA,NA,NA,NA,NA
2005,Victoria,,Total UNFCCC,1594.47,93588.39,797.84,14.53,353.07,347.46,NA,0.01,NA,NA,0.08,0,0.34,NA,0.09,0.01,0,0,NA,NA,0.05,0.01,NA,NA,NA,NA,NA,0,187.57,0.01,0,25.08,164.8,NA,121446.79,1669.12,1177.88,441.23,93588.39,22339.41,3849.87,50.01,NA,NA,4.7,NA,NA,258.63,0.16,435.96,NA,419.51,0.88,11.48,38.61,NA,NA,362.43,78.8,NA,NA,NA,NA,NA,NA,6.43,1.5
2006,Victoria,,Total UNFCCC,1770.33,100423.22,767.28,14.52,344.54,376.24,NA,0.01,NA,NA,0.08,0,0.34,NA,0.08,0.01,0,0,NA,NA,0.02,0,NA,NA,NA,NA,NA,0,199.57,0.01,0.01,36.35,238.9,NA,127102.5,1346.71,1130.14,169.2,100423.22,21483.73,3848.84,47.37,NA,NA,7.67,NA,NA,248.98,0.19,436.27,NA,403.96,1.01,10.26,10.43,NA,NA,138.98,30.22,NA,NA,NA,NA,NA,NA,6.86,4.53
2007,Victoria,,Total UNFCCC,2009.06,103964.13,762.19,13.74,341.43,409.18,0.01,0.02,NA,NA,0.09,0,0.32,NA,0.09,0.01,0,0,NA,NA,0.02,0,NA,NA,NA,NA,NA,0,190.3,0.01,0.01,38.11,250.41,NA,130413.04,1466.84,1278.64,143.49,103964.13,21341.18,3640.89,44.71,NA,115.18,14.03,NA,NA,285.99,0.19,420.4,NA,410.17,1.25,11.68,8.97,NA,NA,117.86,25.63,NA,NA,NA,NA,NA,NA,5.88,4.9
2008,Victoria,,Total UNFCCC,1930.68,101865.48,742.65,13.65,345.17,403.89,0.01,0.02,NA,NA,0.1,0,0.31,NA,0.09,0.01,0,0,NA,NA,0.01,0,NA,NA,NA,NA,NA,0,199.41,0.01,0.01,31.06,204.08,NA,127713.62,1437.94,1286.77,109.47,101865.48,20794.27,3615.93,41.7,NA,116.23,14.78,NA,NA,306.71,0.21,404.8,NA,408.58,1.13,13.95,8.5,NA,NA,89.92,19.55,NA,NA,NA,NA,NA,NA,4.55,7.33
2009,Victoria,,Total UNFCCC,1909.8,112525.72,731.47,13.59,350.03,408.12,0.01,0.03,NA,NA,0.12,0,0.37,NA,0.11,0.01,0.01,0,NA,NA,0.01,0,NA,NA,NA,NA,NA,0,195.97,0.01,0.01,44.33,246.97,14.83,138327.99,1720.22,1564.57,118.1,112525.72,20481.24,3600.8,37.55,NA,121.18,19.75,NA,NA,379.34,0.24,481.41,NA,514.37,1.22,23.08,9.5,NA,NA,98.21,19.89,NA,NA,NA,NA,NA,NA,5.09,9.39
2010,Victoria,,Total UNFCCC,1950.7,114695.38,718.95,14.65,354.75,411.54,0.01,0.03,NA,NA,0.12,0,0.37,NA,0.1,0.01,0.01,0,NA,NA,0.01,0,NA,NA,NA,NA,NA,0,200.3,0.01,0.02,51.13,288.38,18.46,140363.97,1656.37,1541.45,81.69,114695.38,20130.67,3881.54,33.23,NA,106.91,22.95,NA,NA,378.39,0.33,482.65,NA,495.37,1.41,23.31,11.38,NA,NA,71.47,10.23,NA,NA,NA,NA,NA,NA,6.61,12.14
2011,Victoria,,Total UNFCCC,1880.56,113645.5,713.99,15.76,346.4,401.64,0.01,0.04,NA,NA,0.14,0,0.43,NA,0.1,0.01,0.01,0,NA,NA,0.01,0,NA,NA,NA,NA,NA,0,198.34,0.01,0.02,37.98,201.04,20.72,139608.1,1794.79,1682.49,82.06,113645.5,19991.74,4176.07,30.24,NA,117.61,28.52,NA,NA,428.51,0.37,559.93,NA,491.6,1.58,20.97,10.61,NA,NA,71.78,10.27,NA,NA,NA,NA,NA,NA,10.05,12.74
2012,Victoria,,Total UNFCCC,1293.09,107594.58,700.21,15.91,339.3,328,0.01,0.04,NA,NA,0.12,0,0.38,NA,0.11,0.02,0,0,NA,NA,0.01,0,NA,NA,NA,NA,NA,0,197.26,0.01,0.01,27.47,130.33,19.02,133119.76,1702.53,1591.08,82.07,107594.58,19605.88,4216.77,29.37,NA,114.83,27.95,NA,NA,389.51,0.37,495.51,NA,517.17,2.16,13.63,8.64,NA,NA,71.8,10.27,NA,NA,NA,NA,NA,NA,9.8,11.5
2013,Victoria,,Total UNFCCC,1226.29,96845.19,655.7,15.55,319.61,331.65,0.01,0.04,NA,NA,0.14,0,0.39,NA,0.13,0.02,0.01,0,NA,NA,0.01,0,NA,NA,NA,NA,NA,0,181.13,0.01,0.01,27.06,124.62,18.36,121182.25,1855.58,1769.55,58.37,96845.19,18359.74,4121.74,27.66,NA,129.18,29.31,NA,NA,443.11,0.42,503.53,NA,602.74,2.26,30,6.52,NA,NA,54.3,4.07,NA,NA,NA,NA,NA,NA,11.09,11.38
2014,Victoria,,Total UNFCCC,1244.55,91815.09,659.2,15.31,321.29,338.47,0.01,0.07,NA,NA,0.18,0,0.46,NA,0.12,0.02,0.01,0,NA,NA,0.01,0,NA,NA,NA,NA,NA,0,177.6,0.02,0.01,28.13,130.1,18.66,116361.09,2031.4,1945.59,58.36,91815.09,18457.69,4056.91,27.44,NA,97.05,50.23,NA,NA,557.45,0.42,604.16,NA,577.52,2.4,24.25,4.8,NA,NA,54.28,4.08,NA,NA,NA,NA,NA,NA,16.06,11.26
2015,Victoria,,Total UNFCCC,1246.83,91036.2,668.62,14.48,327.8,331.21,0.01,0.09,NA,NA,0.2,0,0.54,NA,0.13,0.02,0.01,0,NA,NA,0,0,NA,NA,NA,NA,NA,0,181.79,0.02,0.02,28.7,135.88,23.42,115870.55,2274.47,2209.13,34.94,91036.2,18721.42,3838.46,30.41,NA,110.42,58.09,NA,NA,635.34,0.49,707.94,NA,629.02,2.72,27.25,5.41,NA,NA,32.84,2.1,NA,NA,NA,NA,NA,NA,19.63,12.83
2016,Victoria,,Total UNFCCC,982.92,83841.7,640.86,13.65,312.51,315,0.01,0.09,NA,NA,0.2,0,0.57,NA,0.13,0.02,0.01,0,NA,NA,0,0,NA,NA,NA,NA,NA,0,147.77,0.02,0.02,24.71,106.98,23.85,107702.01,2299.55,2235.32,33.32,83841.7,17944.17,3616.59,30.91,NA,109.63,61.64,NA,NA,647.97,0.58,742.86,NA,609.39,2.88,20.41,6.99,NA,NA,31.35,1.97,NA,NA,NA,NA,NA,NA,20.39,12.57
2017,Victoria,,Total UNFCCC,1012.95,78265.37,670.58,15.17,320.55,312.86,0.01,0.09,NA,NA,0.21,0,0.58,NA,0.13,0.02,0.01,0,NA,NA,0,0,NA,NA,NA,NA,NA,0,138.09,0.02,0.02,24.67,104.58,23.7,103372.17,2310.56,2258.28,21.63,78265.37,18776.18,4020.06,30.65,NA,110.76,62.27,NA,NA,654.62,0.59,750.49,NA,615.65,2.91,20.62,7.06,NA,NA,20.36,1.28,NA,NA,NA,NA,NA,NA,20.6,12.7
2018,Victoria,,Total UNFCCC,859.13,69640.39,668.57,14.66,305.51,299.45,0.01,0.09,NA,NA,0.2,0,0.57,NA,0.13,0.02,0.01,0,NA,NA,0.01,0,NA,NA,NA,NA,NA,0,135.68,0.02,0.02,23.13,86.95,18.85,94604.3,2358.09,2277.28,41.98,69640.39,18719.9,3885.93,38.82,NA,139.83,58.89,NA,NA,629.41,1.17,741.37,NA,637.94,3.33,24.29,9.74,NA,NA,37.39,4.59,NA,NA,NA,NA,NA,NA,19.01,12.3
2019,Victoria,,Total UNFCCC,733.16,67360.36,633,13.54,292.78,260.93,0.01,0.1,NA,NA,0.22,0,0.64,NA,0.15,0.03,0.01,0,NA,NA,0.01,0,NA,NA,NA,NA,NA,0,112.04,0.03,0.02,20.39,69.87,17.83,91329.15,2656.53,2572.34,47.51,67360.36,17723.9,3588.35,36.68,NA,157.95,66.52,NA,NA,710.96,1.32,837.42,NA,720.6,3.77,27.43,11,NA,NA,37.96,9.55,NA,NA,NA,NA,NA,NA,21.47,13.9
1990,Western Australia,,Total UNFCCC,4966.01,55627.81,670.43,12.44,413.47,493.55,0.01,NA,NA,NA,NA,NA,NA,NA,NA,NA,NA,NA,NA,NA,NA,NA,NA,NA,NA,NA,NA,0,52.24,NA,NA,86.53,568.64,NA,77831.21,133.89,112.47,NA,55627.81,18772.07,3297.44,21.42,NA,112.47,NA,NA,NA,NA,NA,NA,NA,NA,NA,NA,NA,NA,NA,NA,NA,NA,NA,NA,NA,NA,NA,NA,NA
1991,Western Australia,,Total UNFCCC,4953.97,54735.47,661.83,11.66,420.07,493.21,0.01,NA,NA,NA,NA,NA,NA,NA,NA,NA,NA,NA,NA,NA,NA,NA,NA,NA,NA,NA,NA,0,56.47,NA,NA,84.19,553.25,NA,76492.75,136.24,112.9,NA,54735.47,18531.16,3089.88,23.33,NA,112.9,NA,NA,NA,NA,NA,NA,NA,NA,NA,NA,NA,NA,NA,NA,NA,NA,NA,NA,NA,NA,NA,NA,NA
1992,Western Australia,,Total UNFCCC,4435.04,46966.67,641.03,11.73,410.11,445.45,0.01,NA,NA,NA,NA,NA,NA,NA,NA,NA,NA,NA,NA,NA,NA,NA,NA,NA,NA,NA,NA,0,55.53,NA,NA,57.46,377.62,NA,68155.88,130.99,105.8,NA,46966.67,17948.97,3109.25,25.2,NA,105.8,NA,NA,NA,NA,NA,NA,NA,NA,NA,NA,NA,NA,NA,NA,NA,NA,NA,NA,NA,NA,NA,NA,NA
1993,Western Australia,,Total UNFCCC,4225.07,46466.19,632.71,11.9,410.41,428.03,0.01,NA,NA,NA,NA,NA,NA,NA,NA,NA,NA,NA,NA,NA,NA,NA,NA,NA,NA,NA,NA,0,56.15,NA,NA,48.64,319.66,NA,67508.86,172.41,145.35,NA,46466.19,17715.87,3154.4,27.06,NA,145.35,NA,NA,NA,NA,NA,NA,NA,NA,NA,NA,NA,NA,NA,NA,NA,NA,NA,NA,NA,NA,NA,NA,NA
1994,Western Australia,,Total UNFCCC,4961.3,49218.07,645.69,12.54,440.98,472.64,0.01,0,NA,NA,0,0,0,NA,0,0,0,0,NA,NA,NA,NA,NA,NA,NA,NA,NA,0,54.67,0,0,54.65,359.1,NA,70731.39,110.96,81.99,NA,49218.07,18079.31,3323.04,28.96,NA,81.79,0.01,NA,NA,0.06,0,0.07,NA,0.06,0,0,0,NA,NA,NA,NA,NA,NA,NA,NA,NA,NA,0,0
1995,Western Australia,,Total UNFCCC,5093.17,45879.76,648.65,12.29,461.07,478.39,0.01,0,NA,0,0,0,0.01,NA,0,NA,0,0,NA,NA,NA,NA,NA,NA,NA,NA,NA,0,53.22,NA,NA,52.29,343.6,NA,67415.9,117.84,86.69,NA,45879.76,18162.33,3255.98,31.15,NA,72.82,0.07,NA,0,5.86,0,6.87,NA,0.85,NA,0.21,0,NA,NA,NA,NA,NA,NA,NA,NA,NA,NA,NA,NA
1996,Western Australia,,Total UNFCCC,5972.04,47795.31,660.83,13.78,486.65,532.34,0,0,NA,0,0,0,0.01,NA,0,NA,0,0,NA,NA,NA,NA,NA,NA,NA,NA,NA,0,59.72,NA,NA,53.8,353.52,NA,70013.79,62.47,34.65,NA,47795.31,18503.34,3652.67,27.82,NA,0.02,0.17,NA,0.01,14.64,0.01,17.16,NA,2.12,NA,0.53,0,NA,NA,NA,NA,NA,NA,NA,NA,NA,NA,NA,NA
1997,Western Australia,,Total UNFCCC,6226.05,48283.61,653.19,14.18,511.51,543.71,0,0,NA,0,0.01,0,0.02,NA,0,NA,0,0,NA,NA,NA,NA,NA,NA,NA,NA,NA,0,57.52,NA,NA,57.91,380.56,NA,70416.2,84.71,58.71,NA,48283.61,18289.43,3758.45,26,NA,0.03,0.29,NA,0.01,24.8,0.01,29.08,NA,3.59,NA,0.89,0,NA,NA,NA,NA,NA,NA,NA,NA,NA,NA,NA,NA
1998,Western Australia,,Total UNFCCC,6462.65,42836.13,641.69,14.56,530.61,559.06,0,0,NA,0,0.01,0,0.03,NA,0,NA,0,0,NA,NA,NA,NA,NA,NA,NA,NA,NA,0,50.69,NA,NA,56.37,370.41,NA,64767.21,106.45,82.76,NA,42836.13,17967.29,3857.35,23.69,NA,0.05,0.41,NA,0.01,34.96,0.01,40.99,NA,5.07,NA,1.25,0,NA,NA,NA,NA,NA,NA,NA,NA,NA,NA,NA,NA
1999,Western Australia,,Total UNFCCC,7020.08,40869.7,627.55,14.76,550.22,578.13,0,0,NA,0,0.02,0,0.05,NA,0,NA,0,0,NA,NA,NA,NA,NA,NA,NA,NA,NA,0,50.04,NA,NA,51.58,338.93,NA,62497.78,146.06,125.16,NA,40869.7,17571.47,3910.55,20.9,NA,0.07,0.62,NA,0.02,52.87,0.02,61.99,NA,7.66,NA,1.9,0,NA,NA,NA,NA,NA,NA,NA,NA,NA,NA,NA,NA
2000,Western Australia,,Total UNFCCC,7100.61,40758.23,649.47,14.96,558.87,581.66,0,0,NA,0,0.02,0,0.06,NA,0,NA,0,0,NA,NA,NA,NA,NA,NA,NA,NA,NA,0,52.68,NA,NA,54.8,360.11,NA,63077.26,169.14,147.97,NA,40758.23,18185.29,3964.6,21.18,NA,0.09,0.74,NA,0.03,62.5,0.02,73.29,NA,9.06,NA,2.24,0,NA,NA,NA,NA,NA,NA,NA,NA,NA,NA,NA,NA
2001,Western Australia,,Total UNFCCC,6489.16,45219.33,616.25,13.7,560.81,548.09,0,0,NA,0,0.03,0,0.08,NA,0,NA,0,0,NA,NA,NA,NA,NA,NA,NA,NA,NA,0,51.44,NA,NA,53.47,351.34,NA,66334.14,228.62,206.54,NA,45219.33,17255.02,3631.16,22.08,NA,0.12,1.03,NA,0.04,87.24,0.03,102.3,NA,12.64,NA,3.13,0,NA,NA,NA,NA,NA,NA,NA,NA,NA,NA,NA,NA
2002,Western Australia,,Total UNFCCC,6341.56,45917.11,595.63,14.4,576.53,548.22,0,0,NA,0,0.03,0,0.09,NA,0,NA,0,0,NA,NA,NA,NA,NA,NA,NA,NA,NA,0,78.94,NA,NA,51.85,340.74,NA,66682.99,271.41,248.68,NA,45917.11,16677.56,3816.91,22.72,NA,0.15,1.24,NA,0.04,105.04,0.04,123.17,NA,15.22,NA,3.77,0,NA,NA,NA,NA,NA,NA,NA,NA,NA,NA,NA,NA
2003,Western Australia,,Total UNFCCC,6500.05,52772.62,584.91,14.48,634.74,569.79,0,0,NA,0,0.04,0,0.12,NA,0,NA,0,0,NA,NA,NA,NA,NA,NA,NA,NA,NA,0,83.01,NA,NA,58.16,382.21,NA,73327.44,340.76,317.63,NA,52772.62,16377.36,3836.71,23.13,NA,0.19,1.58,NA,0.06,134.16,0.05,157.32,NA,19.44,NA,4.81,0,NA,NA,NA,NA,NA,NA,NA,NA,NA,NA,NA,NA
2004,Western Australia,,Total UNFCCC,5228.1,49502.79,578.76,15.85,597.18,491.78,0,0,NA,0,0.05,0,0.14,NA,0,NA,0,0,NA,NA,NA,NA,NA,NA,NA,NA,NA,0,51.84,NA,NA,56,368.03,NA,70298.03,389.41,366.02,NA,49502.79,16205.29,4200.54,23.39,NA,0.21,1.82,NA,0.07,154.6,0.06,181.29,NA,22.41,NA,5.55,0,NA,NA,NA,NA,NA,NA,NA,NA,NA,NA,NA,NA
2005,Western Australia,,Total UNFCCC,5553.82,54964.7,586.61,15.65,601.69,567.55,NA,0,NA,NA,0.03,0,0.13,NA,0.03,0,0,0,NA,NA,NA,NA,NA,NA,NA,NA,NA,0,52.85,0,0,60.15,395.24,NA,76026.88,490.54,470.56,NA,54964.7,16425.12,4146.52,19.98,NA,NA,1.88,NA,NA,103.32,0.06,174.16,NA,167.59,0.35,4.59,15.43,NA,NA,NA,NA,NA,NA,NA,NA,NA,NA,2.57,0.6
2006,Western Australia,,Total UNFCCC,6190.67,51818.88,601.67,15.3,598.01,562.91,NA,0,NA,NA,0.03,0,0.13,NA,0.03,0,0,0,NA,NA,NA,NA,NA,NA,NA,NA,NA,0,53.96,0,0,68.62,450.94,NA,73194.26,472.81,453.79,NA,51818.88,16846.79,4055.78,19.02,NA,NA,3.08,NA,NA,99.97,0.08,175.18,NA,162.2,0.4,4.12,4.19,NA,NA,NA,NA,NA,NA,NA,NA,NA,NA,2.75,1.82
2007,Western Australia,,Total UNFCCC,6441.07,60533.88,601.21,14.61,627.87,635.45,0,0.01,NA,NA,0.04,0,0.13,NA,0.03,0,0,0,NA,NA,NA,NA,NA,NA,NA,NA,NA,0,50.73,0,0,74.23,487.78,NA,81773.69,533.13,515.12,NA,60533.88,16833.83,3872.84,18.01,NA,46.4,5.65,NA,NA,115.22,0.08,169.36,NA,165.24,0.51,4.7,3.61,NA,NA,NA,NA,NA,NA,NA,NA,NA,NA,2.37,1.97
2008,Western Australia,,Total UNFCCC,6123.6,60085.23,571.53,15.01,645.68,620.01,0,0.01,NA,NA,0.04,0,0.13,NA,0.03,0,0,0,NA,NA,NA,NA,NA,NA,NA,NA,NA,0,49.43,0,0,67.04,440.57,NA,80600.62,535.2,518.4,NA,60085.23,16002.82,3977.38,16.8,NA,46.83,5.95,NA,NA,123.56,0.09,163.08,NA,164.61,0.46,5.62,3.42,NA,NA,NA,NA,NA,NA,NA,NA,NA,NA,1.83,2.95
2009,Western Australia,,Total UNFCCC,5928.72,64195.6,562.42,16.23,640.62,612.78,0,0.01,NA,NA,0.05,0,0.15,NA,0.04,0,0,0,NA,NA,NA,NA,NA,NA,NA,NA,NA,0,57.95,0,0,70.81,425.61,185.6,84913.7,669.24,653.56,NA,64195.6,15747.88,4300.97,15.69,NA,50.62,8.25,NA,NA,158.46,0.1,201.1,NA,214.86,0.51,9.64,3.97,NA,NA,NA,NA,NA,NA,NA,NA,NA,NA,2.13,3.92
2010,Western Australia,,Total UNFCCC,5631.62,61883.71,572.53,16.06,730.96,601.74,0,0.01,NA,NA,0.05,0,0.15,NA,0.04,0,0,0,NA,NA,NA,NA,NA,NA,NA,NA,NA,0,54.97,0,0.01,71.24,423.79,186.41,82821.45,651.21,637.46,NA,61883.71,16030.73,4255.79,13.74,NA,44.21,9.49,NA,NA,156.48,0.13,199.6,NA,204.86,0.58,9.64,4.7,NA,NA,NA,NA,NA,NA,NA,NA,NA,NA,2.73,5.02
2011,Western Australia,,Total UNFCCC,5982.62,53644.5,547.99,14.86,664.91,613.92,0,0.02,NA,NA,0.06,0,0.18,NA,0.04,0,0,0,NA,NA,NA,NA,NA,NA,NA,NA,NA,0,59.6,0,0.01,69.42,408.27,212.22,73656.59,730.65,717.75,NA,53644.5,15343.85,3937.59,12.9,NA,50.17,12.17,NA,NA,182.8,0.16,238.87,NA,209.72,0.68,8.95,4.53,NA,NA,NA,NA,NA,NA,NA,NA,NA,NA,4.29,5.43
2012,Western Australia,,Total UNFCCC,6070.73,54413.89,552.42,16.08,732.17,612.71,0,0.02,NA,NA,0.05,0,0.16,NA,0.05,0.01,0,0,NA,NA,NA,NA,NA,NA,NA,NA,NA,0,57.79,0,0.01,64.47,370.49,272.82,74841.92,700.3,687.61,NA,54413.89,15467.67,4260.06,12.69,NA,49.63,12.08,NA,NA,168.33,0.16,214.14,NA,223.5,0.93,5.89,3.73,NA,NA,NA,NA,NA,NA,NA,NA,NA,NA,4.24,4.97
2013,Western Australia,,Total UNFCCC,6161.13,58496.95,559.37,13.76,813.47,619.87,0,0.02,NA,NA,0.06,0,0.17,NA,0.06,0.01,0,0,NA,NA,NA,NA,NA,NA,NA,NA,NA,0,65.11,0.01,0.01,62.44,352.63,291.99,78595.58,788.9,776.76,NA,58496.95,15662.44,3647.29,12.14,NA,56.7,12.87,NA,NA,194.5,0.18,221.03,NA,264.58,0.99,13.17,2.86,NA,NA,NA,NA,NA,NA,NA,NA,NA,NA,4.87,5
2014,Western Australia,,Total UNFCCC,6579.61,56610.87,547.54,14.73,853.31,646.2,0,0.03,NA,NA,0.07,0,0.2,NA,0.05,0.01,0,0,NA,NA,NA,NA,NA,NA,NA,NA,NA,0,64.43,0.01,0.01,65.31,369.13,338.16,76684.18,837.68,826.03,NA,56610.87,15331.1,3904.54,11.65,NA,41.2,21.32,NA,NA,236.67,0.18,256.5,NA,245.19,1.02,10.3,2.04,NA,NA,NA,NA,NA,NA,NA,NA,NA,NA,6.82,4.78
2015,Western Australia,,Total UNFCCC,6273.98,59506.16,564.42,14.32,846.54,646.12,0,0.04,NA,NA,0.08,0,0.23,NA,0.05,0.01,0,0,NA,NA,NA,NA,NA,NA,NA,NA,NA,0,64.13,0.01,0.01,62.25,349.77,395.5,80041.22,936.92,924.2,NA,59506.16,15803.9,3794.25,12.72,NA,46.2,24.3,NA,NA,265.79,0.21,296.17,NA,263.15,1.14,11.4,2.26,NA,NA,NA,NA,NA,NA,NA,NA,NA,NA,8.21,5.37
2016,Western Australia,,Total UNFCCC,5553.94,63717.68,564.25,14.76,830.05,631.46,0,0.04,NA,NA,0.08,0,0.23,NA,0.05,0.01,0,0,NA,NA,NA,NA,NA,NA,NA,NA,NA,0,66.5,0.01,0.01,72.13,412.96,433.03,84359.8,931.93,919.22,NA,63717.68,15799.14,3911.05,12.71,NA,45.08,25.35,NA,NA,266.46,0.24,305.48,NA,250.6,1.19,8.4,2.87,NA,NA,NA,NA,NA,NA,NA,NA,NA,NA,8.38,5.17
2017,Western Australia,,Total UNFCCC,5960.26,60143.84,574.92,15.69,872.13,659.07,0,0.04,NA,NA,0.08,0,0.23,NA,0.05,0.01,0,0,NA,NA,NA,NA,NA,NA,NA,NA,NA,0,67.99,0.01,0.01,60.32,334.04,416.81,81326.89,926.48,914.07,NA,60143.84,16097.78,4158.79,12.41,NA,44.83,25.2,NA,NA,264.97,0.24,303.77,NA,249.19,1.18,8.35,2.86,NA,NA,NA,NA,NA,NA,NA,NA,NA,NA,8.34,5.14
2018,Western Australia,,Total UNFCCC,5575.69,65394.31,553.58,15.05,880.1,609.87,0,0.03,NA,NA,0.08,0,0.23,NA,0.05,0.01,0,0,NA,NA,NA,NA,NA,NA,NA,NA,NA,0,66.68,0.01,0.01,53.55,287.44,388.17,85808.22,924.83,909.33,NA,65394.31,15500.17,3988.91,15.5,NA,55.84,23.52,NA,NA,251.33,0.47,296.03,NA,254.73,1.33,9.7,3.89,NA,NA,NA,NA,NA,NA,NA,NA,NA,NA,7.59,4.91
2019,Western Australia,,Total UNFCCC,5524,70915.87,560.55,15.86,904.81,596.49,0.01,0.04,NA,NA,0.09,0,0.26,NA,0.06,0.01,0,0,NA,NA,NA,NA,NA,NA,NA,NA,NA,0,74.38,0.01,0.01,52.32,277.06,437.7,91851.58,1037.39,1022.8,NA,70915.87,15695.26,4203.07,14.59,NA,62.8,26.45,NA,NA,282.69,0.52,332.97,NA,286.52,1.5,10.91,4.37,NA,NA,NA,NA,NA,NA,NA,NA,NA,NA,8.54,5.53
